Date,Title,Value,Type,URL,Open,High,Low,Close,Volume,Market Cap,Percent Change,Percent Change 48,Percent Change 72
1/3/2016,Bitcoin Offers Many Advantages to Online Gambling And Sports Betting Website Owners,99,99,https://themerkle.com/bitcoin-offers-many-advantages-to-online-gambling-and-sports-betting-website-owners/,433.58,433.74,424.71,430.01,"39,633,800","6,519,500,000",-0.82,0.72,0.45
1/4/2016,Mike Tyson is launching his own Bitcoin wallet brand,1,3,https://www.theverge.com/2016/1/4/10708144/mike-tyson-bitcoin-wallet-atm,430.06,434.52,429.08,433.09,"38,477,500","6,468,180,000",0.7,-0.26,-0.92
1/4/2016,Lithuania Ready to Embrace Bitcoin and Blockchain Technology,1,1,https://themerkle.com/lithuania-ready-to-embrace-bitcoin-and-blockchain-technology/,430.06,434.52,429.08,433.09,"38,477,500","6,468,180,000",0.7,-0.26,-0.92
1/4/2016,German Government Tracks Bitcoin Transactions To Prevent Terrorism Financing,1,1,https://cointelegraph.com/news/german-government-tracks-bitcoin-transactions-to-prevent-terrorism-financing,430.06,434.52,429.08,433.09,"38,477,500","6,468,180,000",0.7,-0.26,-0.92
1/5/2016,BitFury to Mass Produce New 16nm Chip and Sell to Public — Bitcoin Magazine,99,99,https://bitcoinmagazine.com/articles/bitfury-to-mass-produce-new-nm-chip-and-sell-to-public-1452010171/,433.07,434.18,429.68,431.96,"34,522,600","6,515,380,000",-0.26,-0.66,6.04
1/6/2016,Indian Bitcoin Startup Zebpay Raises $1 Million,1,3,https://www.coindesk.com/indian-bitcoin-wallet-1-million-zebpay/,431.86,431.86,426.34,429.11,"34,042,500","6,498,830,000",-0.64,6.74,5.62
1/6/2016,There is a New Bitcoin App with Mike Tyson’s Face Tattoo in It,99,99,https://paymentweek.com/2016-1-6-there-is-a-new-bitcoin-app-with-mike-tysons-face-tattoo-in-it-9304/,431.86,431.86,426.34,429.11,"34,042,500","6,498,830,000",-0.64,6.74,5.62
1/7/2016,Bitcoin Exchange BTC-e Back Online After Reported DDoS,1,2,https://www.coindesk.com/european-bitcoin-exchange-btc-e-back-online-after-reported-ddos-attack/,430.01,458.77,429.08,458.05,"87,562,200","6,472,580,000",6.52,-1.05,-2.28
1/14/2016,Netflix Opens To Bitcoin,1,3,https://cointelegraph.com/news/netflix-opens-to-bitcoin,432.29,433.32,427.85,430.31,"43,945,500","6,519,110,000",-0.46,-15.33,-9.94
1/15/2016,Lead developer quits bitcoin saying it 'has failed',-1,4,https://www.reuters.com/article/us-global-technology-bitcoin/lead-developer-quits-bitcoin-saying-it-has-failed-idUSKCN0UT2II,430.25,430.25,364.33,364.33,"153,351,000","6,489,870,000",-15.32,6.37,4.93
1/15/2016,Former ATM Maker Robocoin Ends Bitcoin Services,-1,4,https://www.coindesk.com/robocoin-romit-ends-bitcoin-services/,430.25,430.25,364.33,364.33,"153,351,000","6,489,870,000",-15.32,6.37,4.93
1/17/2016,Bitcoin Accepting Payment Platform Adyen Doubles in Revenue,99,99,https://www.newsbtc.com/2016/01/17/bitcoin-accepting-payment-platform-adyen-doubles-revenue/,387.15,390.96,380.09,382.3,"45,319,600","5,842,270,000",-1.25,1.27,-0.56
1/18/2016,Cryptsy Hacked: Bitcoin Worth $USD 6 Million Stolen,-1,2,https://www.hackread.com/cryptsy-hacked-bitcoin-worth-usd-6-million-stolen/,381.73,388.1,376.67,387.17,"54,403,900","5,761,940,000",1.43,-1.81,8.54
1/19/2016,"R.I.P., Bitcoin. It’s time to move on.",99,99,https://www.washingtonpost.com/news/innovations/wp/2016/01/19/r-i-p-bitcoin-its-time-to-move-on/?utm_term=.c48d7f55c628,387.03,387.73,378.97,380.15,"46,819,800","5,843,510,000",-1.78,10.54,7.92
1/19/2016,Bitcoin: Is the crypto-currency doomed?,99,99,http://www.bbc.com/news/technology-35343561,387.03,387.73,378.97,380.15,"46,819,800","5,843,510,000",-1.78,10.54,7.92
1/19/2016,Bitcoin Exchange Kraken Acquires Coinsetter To Expand To The U.S.,99,99,https://techcrunch.com/2016/01/19/bitcoin-exchange-kraken-acquires-coinsetter-to-expand-to-the-u-s/,387.03,387.73,378.97,380.15,"46,819,800","5,843,510,000",-1.78,10.54,7.92
1/21/2016,Is Bitcoin Dead? $1 Billion In Startup Investment Says No,99,99,https://www.forbes.com/sites/jonathanchester/2016/01/21/is-bitcoin-dead-1-billion-says-no/#72fa4c285972,419.63,422.88,406.3,410.26,"68,338,000","6,338,800,000",-2.23,-6.77,-5.55
1/28/2016,Legislature Says No To Bitcoin Tax Payments,-1,1,https://www.forbes.com/sites/kellyphillipserb/2016/01/28/legislature-says-no-to-bitcoin-tax-payments/#d122fb362188,395.15,395.5,379.74,380.29,"59,247,900","5,980,180,000",-3.76,-0.22,-0.54
2/1/2016,Japanese Financial Giant Invests in Bitcoin Exchange Kraken,1,3,https://www.coindesk.com/japanese-financial-giant-invests-in-bitcoin-exchange-kraken/,369.35,378.07,367.96,373.06,"51,656,700","5,596,090,000",1,0.37,-0.83
2/1/2016,Chinese E-Commerce Giant Alibaba Explores Blockchain-based Cloud Service Platform — Bitcoin Magazine,99,99,https://bitcoinmagazine.com/articles/chinese-e-commerce-giant-alibaba-explores-blockchain-based-cloud-service-platform-1454360796/,369.35,378.07,367.96,373.06,"51,656,700","5,596,090,000",1,0.37,-0.83
2/3/2016,Europe wants end to anonymous Bitcoin transactions,-1,1,https://www.theregister.co.uk/2016/02/03/ec_virtual_currency_regulation_suggestion/,374.65,374.95,368.05,369.95,"45,933,400","5,679,530,000",-1.25,5.31,4.49
2/3/2016,Commonwealth Pushes Member Countries to Declare Bitcoin Legal,99,99,https://www.coindesk.com/commonwealth-member-countries-bitcoin-legal/,374.65,374.95,368.05,369.95,"45,933,400","5,679,530,000",-1.25,5.31,4.49
2/3/2016,Blockstream Raises $55 Million to Build Out Bitcoin’s Blockchain,99,99,https://www.coindesk.com/blockstream-55-million-series-a/,374.65,374.95,368.05,369.95,"45,933,400","5,679,530,000",-1.25,5.31,4.49
2/4/2016,Chilean Bitcoin Exchange SurBTC Raises $300k,99,99,https://www.coindesk.com/227606-2/,370.17,391.61,369.99,389.59,"69,285,500","5,613,380,000",5.25,-0.78,-3.35
2/5/2016,Putin Advisor: Accepting Bitcoin Payments in Russia is a Crime,-1,1,https://www.coindesk.com/receiving-bitcoin-payments-is-a-crime-says-russian-presidential-advisor/,388.9,391.09,385.57,386.55,"43,825,000","5,898,960,000",-0.6,-2.59,-2.57
2/5/2016,EU commission wants to end bitcoin exchanges’ anonymity,-1,1,https://calvinayre.com/2016/02/05/bitcoin/eu-commission-wants-to-end-bitcoin-exchanges-anonymity/,388.9,391.09,385.57,386.55,"43,825,000","5,898,960,000",-0.6,-2.59,-2.57
2/7/2016,Double Your Money? Looming 'Hard Fork' Uncovers Fatal Bitcoin Flaw,-1,5,https://www.forbes.com/sites/jasonbloomberg/2016/02/07/double-your-money-looming-hard-fork-uncovers-fatal-bitcoin-flaw/#418f9b606126,376.51,380.87,374.9,376.62,"37,076,300","5,714,760,000",0.03,-0.84,-0.16
2/9/2016,Gaming Giant Valve to Offer Bitcoin Payments with BitPay,1,3,https://themerkle.com/gaming-giant-valve-to-offer-bitcoin-payments-with-bitpay/,373.42,377.25,372.9,376.03,"55,318,500","5,670,880,000",0.7,1.49,0.96
2/9/2016,Bitcoin is on the verge of splitting in two,1,5,https://www.theverge.com/2016/2/9/10946072/bitcoin-core-classic-software-block-size-debate,373.42,377.25,372.9,376.03,"55,318,500","5,670,880,000",0.7,1.49,0.96
2/10/2016,Bitcoin Classic Publishes Code That Could Double Bitcoin's Block Size,1,5,https://www.coindesk.com/bitcoin-classic-publish-code-block-size/,376.15,385.48,375.78,381.65,"85,130,900","5,713,880,000",1.46,-0.52,0.68
2/11/2016,Bitcoin stealing malware evolves again,-1,2,https://bravenewcoin.com/news/bitcoin-stealing-malware-evolves-again/,382.11,383.13,376.4,379.65,"74,375,600","5,806,110,000",-0.64,1.21,3.22
2/15/2016,"Password cracking attacks on Bitcoin wallets net $103,000",-1,2,https://arstechnica.com/information-technology/2016/02/password-cracking-attacks-on-bitcoin-wallets-net-103000/,407.57,410.38,397.75,400.19,"74,070,500","6,199,850,000",-1.81,1.82,4.03
2/16/2016,Can IBM bring Bitcoin's blockchain technology to mainstream business?,99,99,https://www.techrepublic.com/article/can-ibm-bring-bitcoins-blockchain-technology-to-mainstream-business/,401.43,408.94,401.43,407.49,"73,093,100","6,108,040,000",1.51,2.17,3.65
2/17/2016,"Hollywood hospital pays $17,000 in bitcoin to hackers; FBI investigating",99,99,http://www.latimes.com/business/technology/la-me-ln-hollywood-hospital-bitcoin-20160217-story.html,407.66,421.17,406.78,416.32,"83,193,600","6,204,150,000",2.12,1.45,1.07
2/17/2016,Kraken says significant progress made in MtGox bankruptcy bitcoin probe,99,99,https://www.reuters.com/article/bitcoin-kraken-mtgox/kraken-says-significant-progress-made-in-mtgox-bankruptcy-bitcoin-probe-idUSL2N15W2CG,407.66,421.17,406.78,416.32,"83,193,600","6,204,150,000",2.12,1.45,1.07
2/17/2016,European Commission Plans Crackdown on Bitcoin: New Regulations by June — Bitcoin Magazine,99,99,https://bitcoinmagazine.com/articles/european-commission-plans-crackdown-on-bitcoin-new-regulations-by-june-1455725442/,407.66,421.17,406.78,416.32,"83,193,600","6,204,150,000",2.12,1.45,1.07
2/18/2016,IBM open sources its blockchain code – the non-crazy part of Bitcoin,99,99,https://www.theregister.co.uk/2016/02/18/ibm_open_sources_blockchain_code/,416.57,426,415.64,422.37,"76,752,600","6,341,430,000",1.39,-0.37,3.5
2/20/2016,Bitcoin Miners Back Proposed Timeline for 2017 Hard Fork,1,5,https://www.coindesk.com/bitcoin-miners-back-proposed-timeline-for-2017-network-hard-fork/,421.6,441.98,421.6,437.16,"93,992,100","6,421,310,000",3.69,0.38,0.13
2/21/2016,Bitcoin Agreement Promises To Break Impasse; Currency Jumps In Value,99,99,https://www.forbes.com/sites/laurashin/2016/02/21/60-bitcoin-agreement-promises-to-break-impasse-leads-to-jump-in-value/#4227add56e65,437.77,448.05,429.08,438.8,"89,820,700","6,669,260,000",0.24,-0.24,-4.12
2/22/2016,Coinbase CEO Rejects Proposal for Bitcoin Hard Fork in 2017,-1,5,https://www.coindesk.com/coinbase-ceo-rejects-bitcoin-hard-fork/,438.99,439.05,432.92,437.75,"85,385,200","6,689,200,000",-0.28,-3.89,-2.92
2/22/2016,Agreement Reached on Future Bitcoin Block Size Increase,1,5,https://dcebrief.com/agreement-reached-on-future-bitcoin-block-size-increase/,438.99,439.05,432.92,437.75,"85,385,200","6,689,200,000",-0.28,-3.89,-2.92
2/25/2016,Japan considers making bitcoin a legal currency,1,1,https://www.theguardian.com/technology/2016/feb/25/japan-to-make-bitcoin-legal-currency,425.04,427.72,420.42,424.54,"70,798,000","6,480,650,000",-0.12,1.79,1.88
2/29/2016,Bitcoin Ransomware Infects Multiple German Hospitals,99,99,http://www.newsbtc.com/2016/02/29/bitcoin-ransomware-infects-multiple-german-hospitals/,433.44,441.51,431.69,437.7,"60,694,700","6,614,980,000",0.98,-0.59,-3.13
3/3/2016,New Jersey pastor indicted for bribery in case tied to JPMorgan hacking,99,99,https://www.reuters.com/article/us-usa-crime-cyberattack/new-jersey-pastor-indicted-for-bribery-in-case-tied-to-jpmorgan-hacking-idUSKCN0W52BK,423.91,425.37,419.41,421.65,"100,484,000","6,474,150,000",-0.53,-2.54,-5
3/5/2016,Coinbase CEO: Core Developers May Be Bitcoin's ‘Biggest Systemic Risk',99,99,https://www.coindesk.com/coinbase-brian-armstrong-risk-developers/,410.78,411.26,394.04,400.57,"135,385,000","6,276,610,000",-2.49,1.78,3.43
3/6/2016,"Bitcoin is “the Slowest, Most Expensive, Least-Developed Currency”",99,99,https://www.financemagnates.com/cryptocurrency/education-centre/bitcoin-is-the-slowest-most-expensive-least-developed-currency/,400.52,411.91,395.78,407.71,"91,212,500","6,121,400,000",1.8,1.62,1.54
3/9/2016,"BitAccess launches bitcoin purchases at 6,000 Canadian retail locations",1,3,https://bravenewcoin.com/news/bitaccess-launches-bitcoin-purchases-at-6000-canadian-retail-locations/,413.89,416.03,411.61,414.86,"70,012,300","6,330,230,000",0.23,0.55,1.65
3/10/2016,"Japan Debates Bitcoin Sales Tax, Stricter Rules for Exchanges — Bitcoin Magazine",1,1,https://bitcoinmagazine.com/articles/japan-debates-bitcoin-sales-tax-stricter-rules-for-exchanges-1457633456/,414.74,417.51,413.25,417.13,"81,022,900","6,344,960,000",0.58,1.09,-1.32
3/12/2016,Chrome Extension Caught Stealing Bitcoin from Users,-1,2,http://news.softpedia.com/news/chrome-extension-caught-stealing-bitcoin-from-users-501663.shtml,421.61,421.8,410.09,411.62,"92,712,900","6,453,260,000",-2.37,0.59,1.17
3/13/2016,Microsoft no longer takes Bitcoins in its Windows app store (update),99,99,https://www.engadget.com/2016/03/13/microsoft-store-stops-taking-bitcoin/,411.65,416.6,411.64,414.06,"74,322,800","6,302,330,000",0.59,0.57,0.67
3/14/2016,Microsoft will continue to support bitcoin after ‘inaccurate information’ was posted online,99,99,https://techcrunch.com/2016/03/14/microsoft-quietly-drops-bitcoin-support-from-the-windows-store/,414.2,416.68,414.2,416.44,"95,259,400","6,342,780,000",0.54,0.09,0.14
3/14/2016,Bitcoin Exchange Bitfinex Adds Ether Trading Amid Increasing Demand,99,99,https://www.coindesk.com/ethereum-bitfinex-ether-trading/,414.2,416.68,414.2,416.44,"95,259,400","6,342,780,000",0.54,0.09,0.14
3/20/2016,Bitcoin surveillance firm Elliptic raises $5m as banks push into blockchain,1,3,http://www.telegraph.co.uk/technology/2016/03/20/bitcoin-surveillance-firm-elliptic-raises-5m-for-blockchain-push/,410.4,414.63,410.4,413.75,"45,947,900","6,293,610,000",0.82,-0.11,1.05
3/21/2016,Australian Government Seeks End to Double Taxation of Bitcoin,99,99,https://www.coindesk.com/australian-government-seeks-end-to-double-taxation-of-bitcoin/,413.42,413.42,410.38,413.31,"61,655,400","6,341,380,000",-0.03,1.16,1.14
3/21/2016,Rootstock Raises $1 Million to Bring Smart Contracts to Bitcoin,99,99,https://www.coindesk.com/smart-contract-1-million-bitcoin-rootstock/,413.42,413.42,410.38,413.31,"61,655,400","6,341,380,000",-0.03,1.16,1.14
3/21/2016,Jaxx Integrates Shapeshift For Easier Bitcoin and Ethereum Conversion,99,99,https://themerkle.com/jaxx-integrates-shapeshift-for-easier-bitcoin-and-ethereum-conversion/,413.42,413.42,410.38,413.31,"61,655,400","6,341,380,000",-0.03,1.16,1.14
3/22/2016,WireX Buy Bitcoin - a Step Closer to the World’s First Bankless Personal Banking,99,99,https://cointelegraph.com/news/wirex-buy-bitcoin-a-step-closer-to-the-worlds-first-bankless-personal-banking,413.13,418.38,412.53,418.09,"66,813,300","6,338,430,000",1.2,-0.01,-0.41
3/23/2016,Bitcoin Exchange Coincheck Brings Ethereum To Japan,99,99,https://themerkle.com/bitcoin-exchange-coincheck-brings-ethereum-to-japan/,418.16,419.27,417.36,418.04,"61,444,200","6,417,130,000",-0.03,-0.39,-0.21
3/28/2016,"Ethereum, a Virtual Currency, Enables Transactions That Rival Bitcoin’s",99,99,https://www.nytimes.com/2016/03/28/business/dealbook/ethereum-a-virtual-currency-enables-transactions-that-rival-bitcoins.html,426.55,426.86,423.29,424.23,"68,522,800","6,553,700,000",-0.54,-1.82,-2.22
3/30/2016,Bitcoin Exchange Cointrader Shuts Down After Alleged Hack,-1,2,https://www.coindesk.com/bitcoin-exchange-cointrader-shuts-down/,416.83,416.83,412.5,414.82,"66,034,100","6,407,840,000",-0.48,0.46,0.76
3/31/2016,Bitcoin transactions could consume as much energy as Denmark by the year 2020,99,99,https://boingboing.net/2016/03/31/projection-by-2020-bitcoin-t.html,415.26,418.37,415.26,416.73,"60,215,200","6,385,140,000",0.35,0.3,0.99
4/1/2016,Overstock Invests $4 Million in Barbados Bitcoin Startup,1,3,https://www.coindesk.com/overstock-invests-4-million-in-barbados-bitcoin-exchange/,416.76,418.17,415.83,417.96,"51,235,700","6,409,540,000",0.29,0.7,0.7
4/6/2016,Bitcoin Start-Up Gets an Electronic Money License in Britain,99,99,https://www.nytimes.com/2016/04/06/business/dealbook/bitcoin-start-up-gets-an-electronic-money-license-in-britain.html,424.28,424.53,422.73,423.41,"59,091,000","6,533,260,000",-0.21,-0.16,-0.72
4/6/2016,Circle Inks Bank Deal With Barclays After UK Regulator Approval,99,99,https://www.coindesk.com/circle-inks-bank-deal-with-barclays-after-uk-regulator-approval/,424.28,424.53,422.73,423.41,"59,091,000","6,533,260,000",-0.21,-0.16,-0.72
4/18/2016,Korean Securities Broker Inks Deal with Local Bitcoin Exchange,99,99,https://www.coindesk.com/korean-securities-broker-inks-deal-local-bitcoin-exchange/,427.61,429.27,427.09,428.59,"55,670,900","6,604,150,000",0.23,1.61,2.99
4/20/2016,"Segregated Witness has been released, tackling bitcoin's transaction limit",1,5,https://bravenewcoin.com/news/segregated-witness-has-been-released-tackling-bitcoins-transaction-limit/,435.32,443.05,434.41,441.39,"72,890,100","6,726,370,000",1.39,1.82,0.99
4/21/2016,Steam is reportedly planning to accept Bitcoin,1,3,http://www.pcgamer.com/steam-is-reportedly-planning-to-accept-bitcoin/,441.42,450.55,440.95,449.43,"68,204,700","6,822,320,000",1.81,-0.82,0.19
4/25/2016,A Bitcoin Exchange Just Got Approval to Operate Across the EU,1,3,https://www.wired.com/2016/04/bitcoin-exchange-receives-approval-operate-across-eu/,459.12,466.62,453.59,461.43,"87,091,800","7,102,490,000",0.5,1.01,-3.63
4/26/2016,Bitcoin mining is about to become a lot less profitable,99,99,http://theconversation.com/bitcoin-mining-is-about-to-become-a-lot-less-profitable-58302,461.65,467.96,461.62,466.09,"78,971,900","7,143,060,000",0.96,-4.59,-3.66
4/27/2016,"Use Bitcoin at Amazon, AliExpress, and More With a Free Unichange Bitcoin Debit Card",99,99,https://www.prnewswire.com/news-releases/use-bitcoin-at-amazon-aliexpress-and-more-with-a-free-unichange-bitcoin-debit-card-300258570.html,466.26,467.08,444.13,444.69,"93,564,900","7,216,190,000",-4.63,0.97,2.34
4/28/2016,You can now buy games on Steam using Bitcoin,1,3,https://www.theverge.com/2016/4/28/11525482/bitcoin-steam-valve-bitpay,445.04,449.55,436.65,449.01,"74,064,700","6,889,170,000",0.89,1.36,-0.15
4/28/2016,Coinbase is finally letting you instantly buy Bitcoin with a debit card,1,3,https://techcrunch.com/2016/04/28/coinbase-is-finally-letting-you-instantly-buy-bitcoin-with-a-debit-card/,445.04,449.55,436.65,449.01,"74,064,700","6,889,170,000",0.89,1.36,-0.15
5/2/2016,Japan Officially Recognizes Bitcoin and Digital Currencies as Money,99,99,https://cointelegraph.com/news/japan-officially-recognizes-bitcoin-and-digital-currencies-as-money,451.93,452.44,441.78,444.67,"92,127,000","7,002,610,000",-1.61,1.27,0.46
5/4/2016,"Larry Summers is Big on Blockchain, Not Sure About Bitcoin",-1,4,http://fortune.com/2016/05/04/larry-summers-bitcoin/,450.18,450.38,445.63,446.72,"50,407,300","6,978,950,000",-0.77,0.28,2.88
5/24/2016,"Hackers Steal $2 Million From Bitcoin Exchange In Hong Kong, Bounty Offered To Recover Funds",1,2,https://www.forbes.com/sites/robertolsen/2016/05/24/hackers-steal-2-million-from-bitcoin-exchange-in-hong-kong-bounty-offered-to-recover-funds/#7d4049be2745,444.29,447.1,443.93,445.98,"65,783,100","6,921,460,000",0.38,0.81,1.66
5/26/2016,"Burned By Bitcoin Scandal, Japan Is Introducing Controls",99,99,http://fortune.com/2016/05/26/japan-bitcoin-exchanges/,449.67,453.64,447.9,453.38,"65,203,800","7,008,500,000",0.83,4.43,16.91
6/2/2016,"CFTC Fines Bitcoin Exchange Bitfinex $75,000 Over Trading Violations",99,99,https://www.coindesk.com/cftc-bitcoin-exchange-bitfinex-trading-violations/,536.51,540.35,533.08,537.97,"60,378,200","8,375,000,000",0.27,5.8,6.46
6/4/2016,DDoS Attacks Target BitGo and Other Bitcoin Wallet Services,99,99,https://www.newsbtc.com/2016/06/04/ddos-attacks-target-bitgo-bitcoin-wallet-services/,569.71,590.13,564.24,572.73,"94,925,300","8,897,080,000",0.53,0.39,2.24
6/7/2016,Companies Are Stockpiling Bitcoin to Pay Off Cybercriminals,99,99,https://www.technologyreview.com/s/601643/companies-are-stockpiling-bitcoin-to-pay-off-cybercriminals/,585.45,590.26,567.51,576.6,"107,770,000","9,149,580,000",-1.51,0.87,-0.34
6/7/2016,French Presidential Hopeful Calls for Bitcoin Ban,-1,1,https://www.coindesk.com/french-presidential-hopeful-bitcoin-ban/,585.45,590.26,567.51,576.6,"107,770,000","9,149,580,000",-1.51,0.87,-0.34
6/7/2016,Bitcoin Wallet Gets DDoS'd,-1,2,https://www.pymnts.com/news/security-and-risk/2016/ddos-bitcoin-wallet/,585.45,590.26,567.51,576.6,"107,770,000","9,149,580,000",-1.51,0.87,-0.34
6/9/2016,New Details Emerge on Bitcoin Firm Avalon's $466 Million Pending Sale,99,99,https://www.coindesk.com/sale-of-bitcoin-company-behind-avalon-mining-chip-awaits-government-approval/,582.2,582.2,570.95,574.63,"71,301,000","9,103,080,000",-1.3,0.49,5.59
6/10/2016,"Jaxx Wallet Integrates Shapeshift for In-Wallet Conversion Between Bitcoin, Ether and DAO Tokens — Bitcoin Magazine",99,99,https://bitcoinmagazine.com/articles/jaxx-wallet-integrates-shapeshift-for-in-wallet-conversion-between-bitcoin-ether-and-dao-tokens-1465587726/,575.84,579.13,573.33,577.47,"66,991,900","9,005,920,000",0.28,5.07,16.5
6/10/2016,The Bitcoin Halving – What Will Change?,99,99,https://themerkle.com/the-bitcoin-halving-what-will-change/,575.84,579.13,573.33,577.47,"66,991,900","9,005,920,000",0.28,5.07,16.5
6/13/2016,The price of bitcoin is skyrocketing ahead of the 'halvening',99,99,http://www.businessinsider.com/bitcoin-price-skyrocketing-june-13-halvening-2016-6?r=UK&IR=T,671.65,716,664.49,704.38,"243,295,000","10,511,900,000",4.87,-2.67,-1.41
6/14/2016,"Why Did Bitcoin Hit Its Highest Price in Two Years? ""The Halving"" Is Coming",99,99,https://www.inverse.com/article/17006-why-did-bitcoin-hit-its-highest-price-in-two-years-the-halving-is-coming,704.5,704.5,662.8,685.56,"186,694,000","11,028,900,000",-2.69,1.3,11.78
6/17/2016,The DAO Attacked: Code Issue Leads to $60 Million Ether Theft,-1,2,https://www.coindesk.com/dao-attacked-code-issue-leads-60-million-ether-theft/,768.49,775.36,716.56,748.91,"363,321,000","12,038,900,000",-2.55,0.98,1.99
6/23/2016,Goldman Sachs-backed bitcoin payment app Circle just raised $60 million,1,3,http://www.businessinsider.com/bitcoin-payment-app-circle-raises-60-million-expands-to-china-and-the-euro-2016-6?r=UK&IR=T,597.44,629.33,558.14,623.98,"253,462,000","9,373,190,000",4.44,6.62,6.59
6/23/2016,Bitcoin prices plummet after technical glitches spook investors,99,99,https://www.marketwatch.com/story/bitcoin-prices-plummet-after-technical-glitches-spook-investors-2016-06-23,597.44,629.33,558.14,623.98,"253,462,000","9,373,190,000",4.44,6.62,6.59
6/24/2016,Bitcoin value surges as British pound tanks on Brexit,99,99,https://www.theverge.com/2016/6/24/12023402/brexit-bitcoin-value-price-surge,625.58,681.73,625.27,665.3,"224,317,000","9,816,730,000",6.35,-0.03,-5.4
7/6/2016,North Carolina Governor Signs Bitcoin Bill Into Law,99,99,https://www.coindesk.com/north-carolina-governor-signs-bitcoin-bill-law/,670.42,681.9,670.42,677.33,"134,961,000","10,550,300,000",1.03,-5.43,-1.6
7/6/2016,Uber Switches to Bitcoin in Argentina After Govt Blocks Uber Credit Cards,1,3,https://cointelegraph.com/news/uber-switches-to-bitcoin-in-argentina-after-govt-blocks-uber-credit-cards,670.42,681.9,670.42,677.33,"134,961,000","10,550,300,000",1.03,-5.43,-1.6
7/9/2016,The reward for mining Bitcoin was just cut in half,1,5,https://techcrunch.com/2016/07/09/the-reward-for-mining-bitcoin-was-just-cut-in-half/,666.38,666.38,633.4,650.96,"180,536,000","10,493,800,000",-2.31,-0.25,-0.51
7/21/2016,Trendon Shavers Sentenced in First Bitcoin Securities-Fraud Case,99,99,https://www.wsj.com/articles/trendon-shavers-sentenced-in-first-bitcoin-securities-fraud-case-1469141141,665.23,666.22,660.41,665.01,"60,491,800","10,490,300,000",-0.03,-2.16,-1.42
7/25/2016,A Florida judge has ruled that Bitcoin isn’t money,-1,1,https://techcrunch.com/2016/07/25/a-florida-judge-has-ruled-that-bitcoin-isnt-money/,661.26,661.83,653.39,654.1,"78,176,500","10,431,900,000",-1.08,-0.35,0.04
7/26/2016,Australians have an easier way to buy bitcoin after new exchange launches,99,99,https://mashable.com/2016/07/26/coinbase-bitcoin-launch-australia/,654.23,656.23,645.88,651.78,"225,135,000","10,321,900,000",-0.37,0.39,0.5
8/3/2016,Bitcoin worth $78m stolen from Bitfinex exchange in Hong Kong,99,99,https://www.theguardian.com/technology/2016/aug/03/bitcoin-stolen-bitfinex-exchange-hong-kong,548.66,573.36,541.55,566.36,"207,982,000","8,663,670,000",3.23,2.11,1.53
8/8/2016,Bitcoin Company Says At Least $20K Stolen In App Store Scam,-1,2,https://motherboard.vice.com/en_us/article/8q8m75/money-stealing-apps-are-popping-up-on-the-app-store-bitcoin-wallet-apple,592.74,592.99,588.05,591.05,"61,194,100","9,365,440,000",-0.29,-0.55,0.18
8/9/2016,Kim Dotcom Predicts a US$2000 Bitcoin Price By 2017,1,4,https://themerkle.com/kim-dotcom-predicts-a-us2000-bitcoin-price-by-2017/,591.04,591.09,584.79,587.8,"92,228,100","9,339,660,000",-0.55,0.73,0.22
8/11/2016,"Korea's Largest Bitcoin Exchange Supports Ethereum Classic, Eliminates All Fees",99,99,https://cointelegraph.com/news/koreas-largest-bitcoin-exchange-supports-ethereum-classic-eliminates-all-fees,592.12,597.54,589.12,589.12,"74,514,400","9,358,770,000",-0.51,-0.26,-0.6
8/14/2016,Bitcoin's technology has a surprising fan: IBM,99,99,https://www.cnet.com/news/ibm-blockchain-bitcoins-technology-surprising-fan/,585.59,585.67,564.78,570.47,"60,851,100","9,258,730,000",-2.58,-0.57,1.22
8/24/2016,4 Major Banks Confirm They Are Building Bitcoin-like Digital Currency,99,99,https://cointelegraph.com/news/4-major-banks-confirm-they-are-building-bitcoin-like-digital-currency,583.41,583.59,579.86,580.18,"56,328,200","9,234,800,000",-0.55,-0.42,-0.09
8/24/2016,The First Bitcoin Exchange in Moscow Is Open for Business,99,99,https://dcebrief.com/the-first-bitcoin-exchange-in-moscow-is-open-for-business/,583.41,583.59,579.86,580.18,"56,328,200","9,234,800,000",-0.55,-0.42,-0.09
9/7/2016,'Big Four' Accounting Firm Deloitte is Now Running a Bitcoin ATM,99,99,https://www.coindesk.com/big-four-accounting-firm-deloitte-now-running-bitcoin-atm/,610.57,614.54,608.51,614.54,"75,032,400","9,679,610,000",0.65,1.92,1.35
9/8/2016,Russia changes its mind on bitcoin ban,1,1,http://www.businessinsider.com/russia-changes-its-mind-on-bitcoin-ban-2016-9,614.63,628.77,613.84,626.32,"86,713,000","9,745,120,000",1.9,-0.55,-0.45
9/8/2016,"iPhone7 Enables Bitcoin Payments, Ethereum Classic Might be Next",1,3,https://cointelegraph.com/news/iphone7-enables-bitcoin-payments-ethereum-classic-might-be-next,614.63,628.77,613.84,626.32,"86,713,000","9,745,120,000",1.9,-0.55,-0.45
9/17/2016,Bitfinex Issues Bitcoin Hack Repayment Plan Update,1,2,https://www.coindesk.com/bitfinex-issues-hack-repayment-plan-update/,607.22,607.86,605.19,605.98,"37,140,300","9,637,600,000",-0.2,0.64,0.54
9/20/2016,"Bitcoin is money, U.S. judge says in case tied to JPMorgan hack",99,99,https://www.reuters.com/article/us-jpmorgan-cyber-bitcoin/bitcoin-is-money-u-s-judge-says-in-case-tied-to-jpmorgan-hack-idUSKCN11P2DE,609.25,609.52,607.94,608.31,"72,710,900","9,673,140,000",-0.15,-1.83,-1.97
9/26/2016,Bitcoin Users Can Now Pay Electricity Bills with Bitcoin in Japan,1,1,https://cointelegraph.com/news/bitcoin-users-can-now-pay-electricity-bills-with-bitcoin-in-japan,600.81,608.14,600.35,608.04,"59,153,800","9,545,830,000",1.2,-0.31,-0.54
10/19/2016,Bitcoin Wallet Service Blockchain.info Forced to Take Service Offline,99,99,http://www.newsweek.com/bitcoin-wallet-service-blockchaininfo-forced-take-service-offline-511558,638.13,638.87,628.01,630.52,"69,381,700","10,164,800,000",-1.19,0.05,0.37
10/28/2016,Top Up Bitcoin Wallet At All Swiss Train Stations,99,99,https://cointelegraph.com/news/top-up-bitcoin-wallet-at-all-swiss-train-stations,688,690.44,684.16,689.65,"81,145,500","10,969,800,000",0.24,3.6,1.77
10/28/2016,The CEO of a £1.4 billion software giant says blockchain won't succeed because the world is too 'tribal',99,99,http://www.businessinsider.com/xero-ceo-rob-drury-on-blockchain-2016-10,688,690.44,684.16,689.65,"81,145,500","10,969,800,000",0.24,3.6,1.77
11/2/2016,Swiss Lawmakers Take Steps Toward Bitcoin Regulation,99,99,https://www.coindesk.com/switzerland-bitcoin-regulation/,730.07,740.83,722.35,740.83,"84,865,200","11,647,200,000",1.47,-7.04,-5.07
11/2/2016,Bitcoin Exchange Gets Biometric Authentication,99,99,https://findbiometrics.com/bitcoin-exchange-biometrics-311024/,730.07,740.83,722.35,740.83,"84,865,200","11,647,200,000",1.47,-7.04,-5.07
11/4/2016,Bitcoin Price Falls 8% as Chinese Government Plans Bitcoin Cap,99,99,https://cointelegraph.com/news/bitcoin-price-falls-8-as-chinese-government-plans-bitcoin-cap,689.12,706.93,685.56,703.24,"99,907,700","10,996,400,000",2.05,0.03,1.18
11/9/2016,Bitcoin Price Jumps 3% on Trump Victory,99,99,http://fortune.com/2016/11/09/bitcoin-trump/,709.83,740.05,708.61,723.27,"132,429,000","11,333,000,000",1.89,-1.07,-0.95
11/9/2016,John McAfee Expresses Concern Over Mobile Bitcoin Wallet Security,99,99,https://www.newsbtc.com/2016/11/09/john-mcafee-expresses-concern-mobile-bitcoin-wallet-security/,709.83,740.05,708.61,723.27,"132,429,000","11,333,000,000",1.89,-1.07,-0.95
11/21/2016,IRS Wants Court Authority To Identify Bitcoin Users & Transactions At Coinbase,99,99,https://www.forbes.com/sites/kellyphillipserb/2016/11/21/irs-wants-court-authority-to-identify-bitcoin-users-transactions-at-coinbase/#4d66a7095979,731.26,741.72,730.51,739.25,"60,802,400","11,698,900,000",1.09,1.64,0.72
11/21/2016,Coinbase fights IRS efforts to obtain customer records,99,99,https://www.cnet.com/news/coinbase-fights-irs-efforts-to-obtain-customer-records-summons-tax-evasion-bitcoin/,731.26,741.72,730.51,739.25,"60,802,400","11,698,900,000",1.09,1.64,0.72
11/23/2016,Black Friday Forever: iPayYou Unveils Bitcoin Payments For Amazon,99,99,https://cointelegraph.com/news/black-friday-forever-ipayyou-unveils-bitcoin-payments-for-amazon,751.74,752.25,738.92,744.59,"76,543,800","12,029,000,000",-0.95,-0.58,-0.39
11/29/2016,The San Francisco Subway Hacker Demanded Ransom in Bitcoin,99,99,http://www.popularmechanics.com/technology/infrastructure/a24066/hacked-san-francisco-fare-systems/,736.33,737.47,734.56,735.6,"68,511,100","11,790,900,000",-0.1,1.37,2.88
12/3/2016,What the IRS Summons Will Mean for Coinbase Users,99,99,https://www.coindesk.com/irs-summons-will-mean-coinbase-users/,778.25,778.25,764.86,771.15,"69,547,300","12,467,800,000",-0.91,0.35,-1.61
12/5/2016,Court Forces Coinbase Bitcoin Exchange to Give User Data to IRS,99,99,https://www.investopedia.com/news/court-forces-coinbase-hand-over-user-data-irs/,773.39,773.47,751.71,758.7,"106,363,000","12,393,100,000",-1.9,0.73,1.24
12/6/2016,"Vietnam to Legalize, Regulate Bitcoin",1,1,https://cointelegraph.com/news/vietnam-to-legalize-regulate-bitcoin,758.72,765.62,758.72,764.22,"116,218,000","12,159,400,000",0.72,0.51,0.86
12/7/2016,Circle removes ability to buy and sell Bitcoin as it doubles down on mobile payments,99,99,https://techcrunch.com/2016/12/07/circle-removes-ability-to-buy-and-sell-bitcoin-as-it-doubles-down-on-mobile-payments/,764.21,771.54,759.75,768.13,"96,426,100","12,248,900,000",0.51,0.35,0.61
12/15/2016,Bitcoin Exchange BTC-e Is Taken Down By New DDOS Attack,-1,2,https://cointelegraph.com/news/bitcoin-exchange-btc-e-is-taken-down-by-new-ddos-attack,780.07,781.43,777.8,778.09,"81,580,100","12,511,700,000",-0.25,0.88,1.64
12/16/2016,Overstock Becomes the First Publicly Traded Company to Trade its Shares Via the Bitcoin Blockchain,99,99,https://futurism.com/overstock-becomes-the-first-publicly-traded-company-to-trade-its-shares-via-the-bitcoin-blockchain/,778.96,785.03,778.96,784.91,"83,608,200","12,498,800,000",0.76,0.75,0.72
1/9/2017,Bitcoin Extends Loss After China’s Central Bank Warns Investors,-1,1,https://www.bloomberg.com/news/articles/2017-01-09/bitcoin-extends-loss-after-china-s-central-bank-warns-investors,913.24,913.69,879.81,902.83,"141,877,000","14,694,900,000",-1.14,0.54,-13.85
1/10/2017,China isn't cracking down on bitcoin,1,1,http://www.businessinsider.com/china-isnt-cracking-down-on-bitcoin-2017-1,902.44,914.87,901.06,907.68,"115,808,000","14,522,600,000",0.58,-14.31,-11.33
1/10/2017,"LA school pays hackers $28,000 in bitcoin after computer systems hit with ransomware",99,99,http://www.ibtimes.co.uk/la-school-pays-hackers-28000-bitcoin-after-computer-systems-hit-ransomware-1600304,902.44,914.87,901.06,907.68,"115,808,000","14,522,600,000",0.58,-14.31,-11.33
1/10/2017,JPMorgan Hack: Bitcoin Exchange Operator Pleads Guilty,99,99,https://www.pymnts.com/news/bitcoin-tracker/2017/illegal-bitcoin-exchange-operator-admits-to-jpmorgan-hack/,902.44,914.87,901.06,907.68,"115,808,000","14,522,600,000",0.58,-14.31,-11.33
1/11/2017,Bitcoin falls 10% as China plans to investigate exchanges,-1,1,https://www.cnbc.com/2017/01/11/bitcoin-falls-5-as-china-plans-to-investigate-firms.html,908.12,919.45,762.76,777.76,"310,929,000","14,615,700,000",-14.35,3.48,5.94
1/13/2017,"This college just paid a $28,000 ransom, in bitcoin, to cyberattackers",99,99,https://www.washingtonpost.com/news/grade-point/wp/2017/01/13/this-college-just-paid-a-28000-ransom-in-bitcoin-to-cyberattackers/,803.74,829,780,823.98,"168,968,000","12,939,100,000",2.52,-0.68,-0.26
1/19/2017,CBN Warns That Bitcoin And Other Virtual Currencies Are Not Legal Tenders in Nigeria,99,99,http://www.konbini.com/ng/lifestyle/nigerias-central-bank-warns-bitcoin-virtual-currencies/,888.34,904.61,884.34,899.07,"105,625,000","14,311,700,000",1.21,-0.45,2.53
1/30/2017,Hackers Demand Bitcoin Ransom After Hijacking Hotel’s Key System,-1,2,http://www.newsweek.com/hackers-demand-bitcoin-free-hotel-guests-rooms-549952,920.15,923.05,919.47,920.38,"78,227,300","14,844,900,000",0.02,5.43,7.46
1/27/2017,"Switzerland Grants Bitcoin License to Xapo, Legal to Operate",1,3,https://cointelegraph.com/news/switzerland-grants-bitcoin-license-to-xapo-legal-to-operate,918.36,923.22,915.85,919.75,"125,594,000","14,810,400,000",0.15,0.2,-0.03
1/31/2017,Bitcoin Unlimited Client Bug Causes 13.2 BTC in Mining Pool Losses,99,99,https://themerkle.com/bitcoin-unlimited-client-bug-causes-13-2-btc-in-mining-pool-losses/,920.96,972.02,920.96,970.4,"164,582,000","14,859,700,000",5.37,1.92,4.27
1/27/2017,Bitfinex Hacker Allegedly Moves 153 Bitcoin Worth of Stolen Funds,99,99,https://themerkle.com/bitfinex-hacker-allegedly-moves-153-bitcoin-worth-of-stolen-funds/,918.36,923.22,915.85,919.75,"125,594,000","14,810,400,000",0.15,0.2,-0.03
2/9/2017,"Bitcoin Price Sinks Below $1,000 as Exchanges Cut Services",-1,3,https://www.coindesk.com/bitcoin-price-sinks-1000-chinas-exchanges-cut-withdrawals/,1064.7,1088.99,953.34,994.38,"407,220,000","17,197,100,000",-6.6,-0.57,1.01
2/9/2017,The Philippines Central Bank approves new bitcoin exchange regulation,-1,1,https://bravenewcoin.com/news/the-philippines-central-bank-approves-new-bitcoin-exchange-regulation/,1064.7,1088.99,953.34,994.38,"407,220,000","17,197,100,000",-6.6,-0.57,1.01
2/6/2017,Bitcoin Exempt from UAE Central Bank’s Ban on Virtual Currencies,1,1,https://bitcoinmagazine.com/articles/bitcoin-exempt-uae-central-banks-ban-virtual-currencies/,1028.4,1044.64,1028.16,1038.15,"111,762,000","16,605,400,000",0.95,2.23,2.4
2/4/2017,Venezuela’s Biggest Bitcoin Exchange Halts Operations,99,99,https://themerkle.com/venezuelas-biggest-bitcoin-exchange-halts-operations/,1031.33,1045.9,1015.16,1042.9,"155,064,000","16,648,800,000",1.12,-1.49,-0.46
2/12/2017,Bitcoin Markets Slide as China Steps up Regulatory Scrutiny,-1,1,http://fortune.com/2017/02/12/bitcoin-markets-china-regulation/,1003.52,1004.76,996.92,999.18,"67,530,000","16,214,700,000",-0.43,-0.85,0.54
2/14/2017,China's Bitcoin Traders Are Losing Confidence in Exchange Prices,99,99,https://www.coindesk.com/china-bitcoin-trading-confidence-exchange-prices/,991.74,1011.51,986.47,1004.55,"137,946,000","16,028,000,000",1.29,0.29,2.28
2/14/2017,New witness delays trial over bitcoin exchange tied to JPMorgan hack,99,99,https://www.reuters.com/article/us-cyber-jpmorgan/new-witness-delays-trial-over-bitcoin-exchange-tied-to-jpmorgan-hack-idUSKBN15S144,991.74,1011.51,986.47,1004.55,"137,946,000","16,028,000,000",1.29,0.29,2.28
2/16/2017,"Amid Bitcoin Price Recovery, Investing.com Suggests ""Strong Buy""",1,4,https://cointelegraph.com/news/amid-bitcoin-price-recovery-investingcom-suggests-strong-buy,1007.65,1033.37,1007.65,1027.44,"122,277,000","16,289,100,000",1.96,1.83,2.63
2/20/2017,Bank of Canada Report States Bitcoin Needs Regulation & Inflation,99,99,https://www.newsbtc.com/2017/02/20/bank-canada-report-states-bitcoin-needs-regulation-inflation/,1048.69,1080.49,1041.69,1079.98,"109,478,000","16,960,200,000",2.98,3.27,3.47
2/14/2017,Banking Giant Mizuho Invests in Japan's Biggest Bitcoin Exchange,1,3,https://www.coindesk.com/banking-giant-mizuho-invests-japans-biggest-bitcoin-exchange/,991.74,1011.51,986.47,1004.55,"137,946,000","16,028,000,000",1.29,0.29,2.28
2/18/2017,"Bitcoin Fork Soon? Bitcoin Unlimited Surges Past SegWit, Core Blocks Drop Below 75%",99,99,https://cointelegraph.com/news/bitcoin-fork-soon-bitcoin-unlimited-surges-past-segwit-core-blocks-drop-below-75,1049.21,1061.1,1046.96,1054.42,"99,073,500","16,964,800,000",0.5,-0.62,2.42
2/14/2017,"OneCoin, Bitcoin, Litecoin on Same Warning List by Bank of Uganda",99,99,https://cointelegraph.com/news/onecoin-bitcoin-litecoin-on-same-warning-list-by-bank-of-uganda,991.74,1011.51,986.47,1004.55,"137,946,000","16,028,000,000",1.29,0.29,2.28
2/22/2017,Bitcoin “Is Like Positive Bacteria”: Russian State Bank Vice President,1,4,https://cointelegraph.com/news/bitcoin-is-like-positive-bacteria-russian-state-bank-vice-president,1114.8,1125.39,1100.55,1117.44,"136,100,000","18,033,400,000",0.24,4.41,5.03
2/22/2017,Danish Police Claim Breakthrough in Bitcoin Tracking,99,99,https://www.coindesk.com/danish-police-claim-breakthrough-bitcoin-tracking/,1114.8,1125.39,1100.55,1117.44,"136,100,000","18,033,400,000",0.24,4.41,5.03
2/22/2017,Bitfinex Fends Off “Severe” DDoS Attack Amid Bitcoin Price Frenzy,1,2,https://cointelegraph.com/news/bitfinex-fends-off-severe-ddos-attack-amid-bitcoin-price-frenzy,1114.8,1125.39,1100.55,1117.44,"136,100,000","18,033,400,000",0.24,4.41,5.03
3/9/2017,Bitcoin May Go Boom If SEC Approves Winklevoss ETF,99,99,http://fortune.com/2017/03/09/bitcoin-sec-etf/,1150.35,1197.46,1141.23,1188.49,"212,283,000","18,640,900,000",3.32,-6.04,-1.07
3/8/2017,China's Top Bitcoin Exchanges Extend Suspension of Withdrawals,-1,1,https://www.bloomberg.com/news/articles/2017-03-08/china-s-top-bitcoin-exchanges-extend-suspension-of-withdrawals,1223.23,1232.16,1148.08,1150,"332,603,000","19,819,800,000",-5.99,3.35,-2.89
3/6/2017,Federal Reserve Warns On Digital Currency,99,99,https://www.pymnts.com/news/bitcoin-tracker/2017/federal-reserve-warns-on-digital-currency/,1267.47,1276,1264.6,1272.83,"153,657,000","20,531,900,000",0.42,-3.87,-9.65
3/21/2017,"Hackers Demand Bitcoin From Apple, Threaten to Wipe iPhones",-1,2,https://www.newsbtc.com/2017/03/21/alleged-hackers-demand-bitcoin-apple-threaten-wipe-iphones/,1055.36,1122.43,1055.36,1120.54,"337,391,000","17,125,600,000",6.18,-6.37,-7.31
3/15/2017,This Researcher Found Bug That Knocked Out Bitcoin Unlimited,99,99,https://bitcoinmagazine.com/articles/security-researcher-found-bug-knocked-out-bitcoin-unlimited/,1240.16,1251.61,1239.75,1249.61,"297,805,000","20,110,400,000",0.76,-4.95,-11.95
3/17/2017,China's new bitcoin rules call for identity check,-1,1,https://www.marketwatch.com/story/chinas-new-bitcoin-rules-call-for-identity-check-2017-03-17,1180.16,1180.16,1099.57,1100.23,"706,599,000","19,141,800,000",-6.77,-11.49,-5.77
3/15/2017,Canadian Police Issue Bitcoin Investment Scam Warning,99,99,https://www.coindesk.com/canadian-police-issue-bitcoin-investment-scam-warning/,1240.16,1251.61,1239.75,1249.61,"297,805,000","20,110,400,000",0.76,-4.95,-11.95
3/19/2017,Price of bitcoin plummets over threat that virtual currency will split,99,99,https://www.marketwatch.com/story/price-of-bitcoin-plummets-over-threat-that-virtual-currency-will-split-2017-03-19,976.73,1069.91,976.73,1036.74,"406,648,000","15,846,000,000",6.14,1.69,8.08
3/16/2017,Someone Wants to Stick a Fork in Bitcoin,-1,5,https://www.bloomberg.com/view/articles/2017-03-16/someone-wants-to-stick-a-fork-in-bitcoin,1251.33,1257.98,1152.44,1187.81,"638,568,000","20,293,700,000",-5.08,-7.37,-18.02
3/28/2017,SEC denies a second application to list bitcoin product,-1,1,https://www.reuters.com/article/us-bitcoin-etp/sec-denies-a-second-application-to-list-bitcoin-product-idUSKBN16Z2HH,1044.58,1064.65,1027.73,1047.15,"326,332,000","16,964,500,000",0.25,-0.69,-1.98
3/22/2017,Apple held to Bitcoin ransom as hackers hold 200m iCloud accounts captive,-1,2,https://www.cbronline.com/cybersecurity/breaches/apple-held-bitcoin-ransom-hackers-hold-200m-icloud-accounts-captive/,1120.65,1120.65,1014.21,1049.14,"380,841,000","18,187,100,000",-6.38,-1.01,-10.64
3/31/2017,"On April 1st, Bitcoin Becomes Legal Payment Option in Japan",1,1,https://dcebrief.com/on-april-1st-bitcoin-becomes-legal-payment-option-in-japan/,1026.64,1074.92,1026.64,1071.79,"447,287,000","16,679,000,000",4.4,0.81,2.83
3/28/2017,ShapeShift raises $10.4 million to grow its cryptocurrency exchange platform,1,3,https://venturebeat.com/2017/03/28/shapeshift-raises-10-4-million-to-grow-its-cryptocurrency-exchange-platform/,1044.58,1064.65,1027.73,1047.15,"326,332,000","16,964,500,000",0.25,-0.69,-1.98
4/10/2017,Russia Caves In on Bitcoin to Open Front on Money Laundering,99,99,https://www.bloomberg.com/news/articles/2017-04-10/russia-caves-in-on-bitcoin-to-open-new-front-on-money-laundering,1187.3,1190.34,1179.04,1187.13,"215,883,000","19,311,200,000",-0.01,1.51,1.12
4/3/2017,Bitcoin Exchange Bitfinex Buys Back All Remaining 'Hack Credit' Tokens,1,2,https://www.coindesk.com/bitfinex-pledges-buy-back-remaining-hack-credit-tokens/,1102.95,1151.74,1102.95,1143.81,"580,444,000","17,924,600,000",3.7,-0.92,-1.66
4/13/2017,The Indian Government Seeks a Regulatory Framework for Bitcoin,-1,1,https://www.financemagnates.com/cryptocurrency/news/indian-government-seeks-regulatory-framework-bitcoin/,1201.02,1205.89,1156.44,1169.28,"351,969,000","19,541,300,000",-2.64,-0.15,0.28
4/11/2017,Russia Eyes Legal Recognition for Bitcoin in 2018,1,1,https://www.coindesk.com/russia-eyes-legal-recognition-for-bitcoin-in-2018/,1187.46,1208.07,1187.46,1205.01,"216,182,000","19,316,000,000",1.48,-0.39,-2.97
4/20/2017,Billionaire says he has 10% of his money in Bitcoin and Ether,1,4,http://money.cnn.com/2017/04/20/investing/mike-novogratz-bets-big-on-bitcoin-ether-blockchain/index.html,1211.08,1240.79,1208.41,1229.08,"315,108,000","19,719,900,000",1.49,-0.57,0.21
4/27/2017,Unplug the Bitcoin miner and do us all a favour: Antminer has remote shutdown flaw,99,99,https://www.theregister.co.uk/2017/04/27/prospect_of_trouble_in_bitcoin_world_major_miner_vulnerable/,1281.88,1319.7,1281.3,1317.73,"449,197,000","20,889,200,000",2.8,-0.09,0.31
5/9/2017,Germany's central bank advises against Bitcoin,-1,4,https://global.handelsblatt.com/finance/germanys-central-bank-advises-against-bitcoin-762108,1723.89,1833.49,1716.3,1755.36,"1,167,920,000","28,132,200,000",1.83,1.81,5.31
5/9/2017,Bitcoin spikes to fresh record after Fed's Kashkari speaks about blockchain 'potential',1,4,https://www.cnbc.com/2017/05/09/bitcoin-spikes-to-fresh-record-after-feds-kashkari-speaks-about-blockchain-potential.html,1723.89,1833.49,1716.3,1755.36,"1,167,920,000","28,132,200,000",1.83,1.81,5.31
5/5/2017,Billionaire bitcoin enthusiast Tim Draper is backing a new cryptocurrency for the first time,1,4,https://www.cnbc.com/2017/05/05/billionaire-investor-tim-draper-backs-new-cryptocurrency.html,1540.87,1618.03,1530.31,1555.45,"946,036,000","25,133,100,000",0.95,1.5,2.65
5/9/2017,"Finance ministry drafting rules for Bitcoin, other virtual currencies",99,99,http://www.business-standard.com/article/economy-policy/will-govt-regulations-help-indian-bitcoin-exchanges-grow-117050800264_1.html,1723.89,1833.49,1716.3,1755.36,"1,167,920,000","28,132,200,000",1.83,1.81,5.31
5/15/2017,"Hackers who infected 200,000 machines have only made $50,000 worth of bitcoin",-1,2,https://www.cnbc.com/2017/05/15/wannacry-ransomware-hackers-have-only-made-50000-worth-of-bitcoin.html,1808.44,1812.8,1708.54,1738.43,"731,529,000","29,532,600,000",-3.87,-0.23,5.79
5/16/2017,Disney film held for Bitcoin ransom by hackers,-1,2,https://thenextweb.com/insider/2017/05/16/disney-film-held-bitcoin-ransom-hackers/,1741.7,1785.94,1686.54,1734.45,"959,045,000","28,446,300,000",-0.42,6.03,8.89
5/11/2017,"Coinify Deal Adds 3,000 Merchants to Bitcoin Network",1,3,https://www.coindesk.com/coinify-deal-adds-3000-merchants-to-bitcoin-network/,1780.37,1873.93,1755.35,1848.57,"799,490,000","29,060,600,000",3.83,-6.73,-2.36
5/11/2017,New regulations looming for bitcoin trading in China,99,99,https://www.rt.com/business/387966-china-bitcoin-rules-trading/,1780.37,1873.93,1755.35,1848.57,"799,490,000","29,060,600,000",3.83,-6.73,-2.36
5/23/2017,BREAKING: Bitcoin Scaling Consensus Reached. Commentary From Industry Leaders,1,5,https://cointelegraph.com/news/bitcoin-scaling-consensus-reached-commentary-from-industry-leaders,2191.56,2320.82,2178.5,2320.42,"1,378,750,000","35,822,600,000",5.88,5.31,-0.67
6/1/2017,Chinese bitcoin exchanges resume withdrawals after freeze,1,1,https://www.reuters.com/article/us-china-bitcoin/chinese-bitcoin-exchanges-resume-withdrawals-after-freeze-idUSKBN18S42X,2288.33,2448.39,2288.33,2407.88,"1,653,180,000","37,446,200,000",5.22,3.35,4.46
6/2/2017,Bank of Russia: 'It's Time to Develop National Cryptocurrencies',1,1,https://www.coindesk.com/bank-russia-time-develop-national-cryptocurrencies/,2404.03,2488.55,2373.32,2488.55,"1,317,030,000","39,344,600,000",3.52,1.08,0.93
6/6/2017,MARK CUBAN: Bitcoin is a 'bubble',-1,4,http://www.businessinsider.com/bitcoin-price-is-a-bubble-mark-cuban-says-2017-6,2690.84,2999.91,2690.84,2863.2,"2,089,610,000","44,061,000,000",6.41,-4.58,-2.01
6/14/2017,One of the world's top central bankers warns digital currencies like bitcoin could worsen future financial crises,-1,4,http://www.businessinsider.com/jens-weidmann-warns-on-risks-of-bitcoin-2017-6?r=UK&IR=T,2716.88,2786.83,2412.94,2506.37,"1,696,560,000","44,528,300,000",-7.75,-1.67,0.49
6/20/2017,South Korean hosting co. pays $1m ransom to end eight-day outage,99,99,https://www.theregister.co.uk/2017/06/20/south_korean_webhost_nayana_pays_ransom/,2591.26,2763.45,2589.82,2721.79,"1,854,190,000","42,498,000,000",5.04,-1.2,-0.6
6/12/2017,Apple co-founder Wozniak bought bitcoin at $700 for fun: 'Now I'm way up',99,99,https://www.cnbc.com/2017/06/12/apples-steve-wozniak-bought-bitcoin-at-700.html,2953.22,2997.26,2518.56,2659.63,"2,569,530,000","48,391,200,000",-9.94,2.16,-5.76
6/27/2017,Bitcoin Exchange Hacker Sentenced to Nearly 6 Years in Prison,1,2,http://fortune.com/2017/06/27/bitcoin-coinmx-hacker-jpmorgan-prison/,2478.45,2552.45,2332.99,2552.45,"1,489,790,000","40,677,900,000",2.99,0.88,-0.51
6/26/2017,Barclays Pitches UK Finance Regulator on Cryptocurrencies,-1,1,https://www.coindesk.com/barclays-pitched-uk-finance-regulator-cryptocurrencies/,2590.57,2615.25,2376.29,2478.45,"1,663,280,000","42,514,000,000",-4.33,2.99,3.89
6/26/2017,$1 Million Ransomware Payment Has Spurred New DDoS-for-Bitcoin Attacks,-1,2,https://www.bleepingcomputer.com/news/security/-1-million-ransomware-payment-has-spurred-new-ddos-for-bitcoin-attacks/,2590.57,2615.25,2376.29,2478.45,"1,663,280,000","42,514,000,000",-4.33,2.99,3.89
7/10/2017,Mt Gox CEO facing trial in Japan as bitcoin gains traction,99,99,https://phys.org/news/2017-07-mt-gox-ceo-trial-japan.html,2525.25,2537.16,2321.13,2372.56,"1,111,200,000","41,509,000,000",-6.05,-1.47,1.11
7/5/2017,Hackers who targeted Ukraine clean out bitcoin ransom wallet,-1,2,https://www.theguardian.com/technology/2017/jul/05/notpetya-ransomware-hackers-ukraine-bitcoin-ransom-wallet-motives,2602.87,2622.65,2538.55,2601.99,"941,566,000","42,760,800,000",-0.03,0.25,-3.2
7/6/2017,"Bitcoin can be an asset but not a currency, says China central bank adviser",99,99,https://www.cnbc.com/2017/07/06/bitcoin-can-be-an-asset-but-not-a-currency-says-china-central-bank-adviser.html,2608.1,2616.72,2581.69,2608.56,"761,957,000","42,851,400,000",0.02,-3.45,-1.43
7/3/2017,Goldman Sachs says bitcoin could rise another 50%,1,4,https://www.cnbc.com/2017/07/03/goldman-sachs-says-bitcoin-could-rise-another-50-percent.html,2498.56,2595,2480.47,2564.06,"964,112,000","41,037,200,000",2.62,1.47,1.48
7/1/2017,Japanese Government Officially Ends Bitcoin Consumption Tax,1,1,https://www.newsbtc.com/2017/07/01/japanese-government-officially-ends-bitcoin-consumption-tax/,2492.6,2515.27,2419.23,2434.55,"779,914,000","40,928,200,000",-2.33,2.95,5.32
7/10/2017,"Wall Street Expert Predicts Bitcoin Will Reach $55,000 in 5 Years",99,99,https://futurism.com/wall-street-expert-predicts-bitcoin-will-reach-55000-in-5-years/,2525.25,2537.16,2321.13,2372.56,"1,111,200,000","41,509,000,000",-6.05,-1.47,1.11
7/20/2017,Bitcoin swings as civil war looms,1,5,http://www.bbc.com/news/technology-40654194,2269.89,2900.7,2269.89,2817.6,"2,249,260,000","37,356,800,000",24.13,-5.32,-0.27
7/12/2017,Morgan Stanley Says Investors Shouldn't Buy Bitcoin. They Should Spend It,1,4,http://fortune.com/2017/07/12/buy-bitcoin-morgan-stanley-cryptocurrency/,2332.77,2423.71,2275.14,2398.84,"1,117,410,000","38,355,900,000",2.83,-1.71,-6.9
7/18/2017,"Cybersecurity legend bets his manhood bitcoin reaches $500,000 within three years",1,4,https://www.marketwatch.com/story/cybersecurity-legend-bets-his-manhood-that-bitcoin-reaches-500000-mark-with-three-years-2017-07-18,2233.52,2387.61,2164.77,2318.88,"1,512,450,000","36,749,400,000",3.82,-1.96,21.51
7/14/2017,Major Swiss Online Bank Unleashes Bitcoin In Week’s Second Swiss Breakthrough,1,3,https://cointelegraph.com/news/major-swiss-online-bank-unleashes-bitcoin-in-weeks-second-swiss-breakthrough,2360.59,2363.25,2183.22,2233.34,"882,503,000","38,823,100,000",-5.39,-10.5,-13.59
7/19/2017,Reserve Bank to begin testing Bitcoin and cryptocurrency regulations,-1,1,https://businesstech.co.za/news/finance/186533/sa-reserve-bank-to-begin-testing-bitcoin-and-cryptocurrency-regulations/,2323.08,2397.17,2260.23,2273.43,"1,245,100,000","38,227,800,000",-2.14,23.94,17.35
7/12/2017,MORGAN STANLEY: 'Bitcoin acceptance is virtually zero and shrinking',-1,4,http://www.businessinsider.com/bitcoin-price-rises-but-retailers-wont-accept-it-7-2017,2332.77,2423.71,2275.14,2398.84,"1,117,410,000","38,355,900,000",2.83,-1.71,-6.9
7/27/2017,"Bitcoin Exchange Was a Nexus of Crime, Indictment Says",99,99,https://www.nytimes.com/2017/07/27/business/dealbook/bitcoin-exchange-was-a-nexus-of-crime-indictment-says.html,2538.71,2693.32,2529.34,2671.78,"789,104,000","41,816,500,000",5.24,5.14,2.05
7/29/2017,US Government Seizes Russian Bitcoin Exchange BTC-e Domain,-1,1,https://cointelegraph.com/news/us-government-seizes-russian-bitcoin-exchange-btc-e-domain,2807.02,2808.76,2692.8,2726.45,"803,746,000","46,246,700,000",-2.87,1.13,5.46
7/25/2017,Bitcoin Price Slides 7% As Bitcoin Cash Emerges - Fork Fears?,-1,5,https://cointelegraph.com/news/bitcoin-price-slides-7-as-bitcoin-cash-emerges-fork-fears,2757.5,2768.08,2480.96,2576.48,"1,460,090,000","45,410,100,000",-6.56,-1.83,3.7
7/27/2017,Howard Marks says bitcoin isn’t real—and we can all blame millennials for its rise,-1,4,https://www.marketwatch.com/story/howard-marks-says-bitcoin-isnt-realand-we-can-all-blame-millennials-for-its-rise-2017-07-27,2538.71,2693.32,2529.34,2671.78,"789,104,000","41,816,500,000",5.24,5.14,2.05
7/25/2017,Poloniex declines to provide support to any future bitcoin fork,-1,5,https://www.newsbtc.com/2017/07/25/poloniex-will-not-provide-support-potential-bitcoin-forks/,2757.5,2768.08,2480.96,2576.48,"1,460,090,000","45,410,100,000",-6.56,-1.83,3.7
8/1/2017,Bitcoin Is Splitting in Two. Now What?,-1,5,https://www.wired.com/story/bitcoin-is-splitting-in-two-now-what/,2871.3,2921.35,2685.61,2718.26,"1,324,670,000","47,321,800,000",-5.33,-0.28,3.18
8/9/2017,Here's What Goldman Is Telling Big Money Clients About Bitcoin,-1,4,https://www.bloomberg.com/news/articles/2017-08-09/here-s-what-goldman-is-telling-big-money-clients-about-bitcoin,3420.4,3422.76,3247.67,3342.47,"1,468,960,000","56,424,900,000",-2.28,1.16,9.22
8/4/2017,"Bitcoin Has Split Into Two Cryptocurrencies. What, Exactly, Does That Mean?",1,5,http://www.slate.com/blogs/future_tense/2017/08/04/explaining_bitcoin_s_split_into_two_cryptocurrencies.html,2806.93,2899.33,2743.72,2895.89,"1,002,120,000","46,276,200,000",3.17,12.33,10.98
8/3/2017,"WannaCry-Linked Bitcoin Wallets Have Been Emptied, Analysts Say",99,99,https://www.bloomberg.com/news/articles/2017-08-03/wannacry-linked-bitcoin-wallets-have-been-emptied-analysts-say,2709.56,2813.31,2685.14,2804.73,"804,797,000","44,666,400,000",3.51,3.25,15.98
8/8/2017,Why HBO’s hackers want bitcoin ransom,99,99,http://www.detroitnews.com/story/business/2017/08/08/hbo-hackers-want-bitcoin-ransom/104414754/,3370.22,3484.85,3345.83,3419.94,"1,752,760,000","55,590,300,000",1.48,-2.27,-1.13
8/9/2017,Fidelity Brings Bitcoin Tracking to Traditional Investor Portfolios,99,99,https://www.coindesk.com/fidelity-brings-bitcoin-tracking-traditional-investor-portfolios/,3420.4,3422.76,3247.67,3342.47,"1,468,960,000","56,424,900,000",-2.28,1.16,9.22
8/8/2017,SegWit Lock-In: What the Tech Milestone Means for Bitcoin,1,5,https://www.coindesk.com/segwits-likely-lock-todays-milestone-means-bitcoin/,3370.22,3484.85,3345.83,3419.94,"1,752,760,000","55,590,300,000",1.48,-2.27,-1.13
8/8/2017,Overstock Accepts Major Alt-Coins With Help From ShapeShift,1,3,http://fortune.com/2017/08/08/overstock-digital-currency/,3370.22,3484.85,3345.83,3419.94,"1,752,760,000","55,590,300,000",1.48,-2.27,-1.13
8/8/2017,Putin's Aide Seeks $100 Million to Rival China in Bitcoin Mining,1,1,https://www.bloomberg.com/news/articles/2017-08-08/putin-s-aide-seeks-100-million-to-rival-china-in-bitcoin-mining,3370.22,3484.85,3345.83,3419.94,"1,752,760,000","55,590,300,000",1.48,-2.27,-1.13
8/8/2017,Lawmakers Want to See Bitcoin Become an Official Currency in Australia,1,1,https://www.coindesk.com/lawmakers-want-see-bitcoin-become-official-currency-australia/,3370.22,3484.85,3345.83,3419.94,"1,752,760,000","55,590,300,000",1.48,-2.27,-1.13
8/10/2017,Top Wall Street strategist expects bitcoin to be the best asset through year-end,1,4,https://www.cnbc.com/2017/08/10/fundstrats-tom-lee-expects-bitcoin-to-be-the-best-asset-through-year-end.html,3341.84,3453.45,3319.47,3381.28,"1,515,110,000","55,134,700,000",1.18,7.97,14.89
8/10/2017,"Howard Marks, who has called past market bubbles, says 'I don't understand what's behind bitcoin'",-1,4,https://www.cnbc.com/2017/08/10/howard-marks-i-dont-understand-whats-behind-bitcoin.html,3341.84,3453.45,3319.47,3381.28,"1,515,110,000","55,134,700,000",1.18,7.97,14.89
8/4/2017,Now Cerber ransomware wants to steal your Bitcoin wallets and passwords too,99,99,https://www.zdnet.com/article/now-cerber-ransomware-wants-to-steal-your-bitcoin-wallets-and-passwords-too/,2806.93,2899.33,2743.72,2895.89,"1,002,120,000","46,276,200,000",3.17,12.33,10.98
8/17/2017,Bitcoin faces regulations crackdown by third Asia Pacific country,-1,1,https://www.cnbc.com/2017/08/17/bitcoin-faces-regulations-crackdown-by-asia-pacific-country.html,4384.44,4484.7,4243.71,4331.69,"2,553,360,000","72,389,100,000",-1.2,-3.95,-3.19
8/21/2017,November SegWit2x Hard Fork Could See Newbie Users Lose Bitcoins,-1,5,https://cointelegraph.com/news/november-segwit2x-hard-fork-could-see-newbie-users-lose-bitcoins,4090.48,4109.14,3988.6,4001.74,"2,800,890,000","67,567,100,000",-2.17,2.47,3.74
8/17/2017,Egypt's first bitcoin exchange to begin trading this month,99,99,https://www.reuters.com/article/egypt-bitcoin/egypts-first-bitcoin-exchange-to-begin-trading-this-month-idUSL4N1L33NK,4384.44,4484.7,4243.71,4331.69,"2,553,360,000","72,389,100,000",-1.2,-3.95,-3.19
8/18/2017,"Wall Street strategist Tom Lee sees bitcoin surging to $6,000 next year, $25,000 by 2022",1,4,https://www.cnbc.com/2017/08/18/tom-lee-sees-bitcoin-jumping-to-6000-next-year.html,4324.34,4370.13,4015.4,4160.62,"2,941,710,000","71,406,500,000",-3.79,0.8,-1.75
8/13/2017,Microsoft and Intel want Bitcoin tech in your workplace,1,3,https://www.engadget.com/2017/08/13/microsoft-and-intel-blockchain-framework/,3880.04,4208.39,3857.8,4073.26,"3,159,090,000","64,034,100,000",4.98,6.18,2.67
8/18/2017,"Bond, Bitcoin Bond: Japanese Firm Issues Debt Denominated in Bitcoins",99,99,https://cointelegraph.com/news/bond-bitcoin-bond-japanese-firm-issues-debt-denominated-in-bitcoins,4324.34,4370.13,4015.4,4160.62,"2,941,710,000","71,406,500,000",-3.79,0.8,-1.75
8/25/2017,McAffee’s MGT Capital Secures $2.4 Million in Funding to Bolster Mining Operation,1,3,https://cointelegraph.com/news/mcaffees-mgt-capital-secures-24-million-in-funding-to-bolster-mining-operation,4332.82,4455.7,4307.35,4371.6,"1,727,970,000","71,595,100,000",0.9,-0.44,0.26
8/29/2017,SEC Warns of ICO Schemes After Suspending 4 Firms,99,99,https://news.bitcoin.com/sec-warns-ico-schemes-suspending-4-firms/,4389.21,4625.68,4352.13,4579.02,"2,486,080,000","72,553,800,000",4.32,-0.3,2.72
8/24/2017,Australia Blames Bitcoin for Rise of Organized Crime,99,99,https://www.financemagnates.com/cryptocurrency/news/australia-accuses-bitcoin-growth-organized-crime/,4137.6,4376.39,4130.26,4334.68,"2,037,750,000","68,363,900,000",4.76,0.85,0.41
8/24/2017,Bitcoin mining is popular in Venezuela because of hyperinflation,1,3,https://www.cnbc.com/2017/08/24/bitcoin-mining-is-popular-in-venezuela-because-of-hyperinflation.html,4137.6,4376.39,4130.26,4334.68,"2,037,750,000","68,363,900,000",4.76,0.85,0.41
8/22/2017,Bitcoin Skeptic Mark Cuban to Invest in Cryptocurrency Fund,1,4,https://www.bloomberg.com/news/articles/2017-08-22/bitcoin-skeptic-mark-cuban-to-invest-in-cryptocurrency-fund,3998.35,4128.76,3674.58,4100.52,"3,764,240,000","66,051,000,000",2.56,1.24,5.71
8/26/2017,"SEC halts trading in First Bitcoin Capital shares, which have gained more than 6,000% in 2017",-1,1,https://www.marketwatch.com/story/sec-halts-trading-in-first-bitcoin-capital-shares-which-have-gained-more-than-6000-in-2017-2017-08-24,4372.06,4379.28,4269.52,4352.4,"1,511,610,000","72,249,100,000",-0.45,0.7,0.7
8/29/2017,Russian Regulator: Bitcoin Should Be Limited to 'Qualified Investors',99,99,https://www.coindesk.com/russian-regulator-bitcoin-limited-qualified-investors/,4389.21,4625.68,4352.13,4579.02,"2,486,080,000","72,553,800,000",4.32,-0.3,2.72
8/26/2017,Vietnamese PM Approves Plan to Authorize Bitcoin As Form of Payment,99,99,https://cointelegraph.com/news/vietnamese-pm-approves-plan-to-authorize-bitcoin-as-form-of-payment,4372.06,4379.28,4269.52,4352.4,"1,511,610,000","72,249,100,000",-0.45,0.7,0.7
9/4/2017,Bitcoin Tumbles as PBOC Declares Initial Coin Offerings Illegal,-1,1,https://www.bloomberg.com/news/articles/2017-09-04/china-central-bank-says-initial-coin-offerings-are-illegal,4591.63,4591.63,4108.4,4236.31,"2,987,330,000","75,955,500,000",-7.74,3.31,8.52
9/8/2017,Bitcoin Falls After Report Claims China Orders Exchanges to Shut,-1,1,https://www.bloomberg.com/news/articles/2017-09-08/bitcoin-falls-after-report-claims-china-orders-exchanges-to-shut,4605.16,4661,4075.18,4228.75,"2,700,890,000","76,220,200,000",-8.17,-0.06,-2.5
9/8/2017,Russia to regulate Bitcoin market: finance minister,-1,1,https://www.reuters.com/article/us-russia-bitcoin/russia-to-regulate-bitcoin-market-finance-minister-idUSKCN1BJ1WB,4605.16,4661,4075.18,4228.75,"2,700,890,000","76,220,200,000",-8.17,-0.06,-2.5
9/8/2017,HOWARD MARKS: 'I see no reason why bitcoin can’t be a currency',1,4,http://www.businessinsider.com/bitcoin-price-howard-marks-weighs-in-2017-9,4605.16,4661,4075.18,4228.75,"2,700,890,000","76,220,200,000",-8.17,-0.06,-2.5
9/8/2017,US Politicians Want Tax Exemptions For Bitcoin Purchases Less Than $600,99,99,https://news.bitcoin.com/politicians-want-tax-exemptions-for-less-than-600-purchases/,4605.16,4661,4075.18,4228.75,"2,700,890,000","76,220,200,000",-8.17,-0.06,-2.5
9/9/2017,Russian Government Plans to Subsidize Bitcoin Mining Electrical Cost,99,99,https://cointelegraph.com/news/russian-government-plans-to-subsidize-bitcoin-mining-electrical-cost,4229.81,4308.82,4114.11,4226.06,"1,386,230,000","70,017,200,000",-0.09,-2.44,-1.53
9/6/2017,Regulators approve Canada’s first bitcoin fund manager,1,1,https://www.theglobeandmail.com/globe-investor/funds-and-etfs/canadas-first-bitcoin-fund-manager-gets-regulator-approval/article36191928/,4376.59,4617.25,4376.59,4597.12,"2,172,100,000","72,418,700,000",5.04,0.06,-8.01
9/5/2017,Russian Official Claims Central Bank Has Approved First Cryptocurrency Exchange,1,1,https://news.bitcoin.com/russian-official-claims-central-bank-has-approved-first-cryptocurrency-exchange/,4228.29,4427.84,3998.11,4376.53,"2,697,970,000","69,954,400,000",3.51,5.04,5.1
9/5/2017,"Bitcoin Is a Bubble, Says Nobel-Winning Economist Who Predicted the Housing Collapse",-1,4,http://time.com/money/4927041/bitcoin-bubble-robert-shiller/,4228.29,4427.84,3998.11,4376.53,"2,697,970,000","69,954,400,000",3.51,5.04,5.1
9/14/2017,China Bitcoin Exchange to Stop Trading Virtual Currencies Amid Crackdown,-1,1,https://www.nytimes.com/2017/09/14/business/china-bitcoin-exchange.html,3875.37,3920.6,3153.86,3154.95,"2,716,310,000","64,191,600,000",-18.59,15.3,14.9
9/12/2017,Jamie Dimon Says Bitcoin Is a ‘Fraud’ That Will ‘Blow Up’,-1,4,https://blogs.wsj.com/moneybeat/2017/09/12/jamie-dimon-says-bitcoin-is-a-fraud-that-will-blow-up/,4168.88,4344.65,4085.22,4130.81,"1,864,530,000","69,033,400,000",-0.91,-6.01,-23.62
9/11/2017,Bitcoin price falls again on reports that China is shutting down local exchanges,-1,1,https://www.cnbc.com/2017/09/11/bitcoin-price-falls-on-reports-that-china-is-closing-local-exchanges.html,4122.47,4261.67,4099.4,4161.27,"1,557,330,000","68,256,000,000",0.94,-0.73,-6.7
9/19/2017,"‘Bitcoin is a bubble,’ says the head of the world’s largest hedge fund",-1,4,https://www.marketwatch.com/story/bitcoin-is-a-bubble-says-the-head-of-the-worlds-largest-hedge-fund-2017-09-19,4073.79,4094.07,3868.87,3924.97,"1,563,980,000","67,520,300,000",-3.65,-0.48,-7.49
9/16/2017,"The Pirate Bay is secretly running a Bitcoin miner in the background, increasing your CPU usage",-1,2,https://betanews.com/2017/09/16/pirate-bay-secret-bitcoin-miner/,3637.75,3808.84,3487.79,3625.04,"1,818,400,000","60,271,600,000",-0.35,-1.16,12.14
9/21/2017,Jamie Dimon is being accused of market abuse in Sweden for badmouthing bitcoin,99,99,https://qz.com/1083781/jpmorgans-jamie-dimon-is-accused-of-manipulating-the-bitcoin-btc-price-in-sweden/,3901.47,3916.42,3613.63,3631.04,"1,411,480,000","64,677,600,000",-6.93,-0.01,4.44
9/21/2017,U.S. government sues over alleged bitcoin Ponzi scheme,-1,1,http://money.cnn.com/2017/09/21/investing/bitcoin-ponzi-scheme/index.html,3901.47,3916.42,3613.63,3631.04,"1,411,480,000","64,677,600,000",-6.93,-0.01,4.44
9/19/2017,Bank Negara Malaysia Aims to Regulate but not Prohibit Bitcoin,99,99,https://www.newsbtc.com/2017/09/19/bank-negara-malaysia-aims-regulate-not-prohibit-bitcoin/,4073.79,4094.07,3868.87,3924.97,"1,563,980,000","67,520,300,000",-3.65,-0.48,-7.49
9/13/2017,JPMorgan CEO doubles down on trashing bitcoin,-1,4,https://nypost.com/2017/09/13/jpmorgan-ceo-doubles-down-on-trashing-bitcoin/,4131.98,4131.98,3789.92,3882.59,"2,219,410,000","68,432,200,000",-6.04,-18.74,-6.31
9/13/2017,"Bitcoin should be valued at half of what it's worth today, says Mohamed El-Erian",-1,4,https://www.cnbc.com/2017/09/13/mohamed-el-erian-warns-bitcoin-should-be-worth-about-half-current-values.html,4131.98,4131.98,3789.92,3882.59,"2,219,410,000","68,432,200,000",-6.04,-18.74,-6.31
9/29/2017,South Korea has banned all forms of initial coin offerings in the country,-1,1,https://qz.com/1090437/bitcoin-btc-and-ethereum-eth-prices-fall-on-south-koreas-bans-on-initial-coin-offerings-icos/,4171.62,4214.63,4039.29,4163.07,"1,367,050,000","69,219,200,000",-0.2,4.22,5.78
9/29/2017,IMF chief tells central bankers to not dismiss bitcoin,1,4,https://www.usatoday.com/story/money/2017/09/29/imf-chief-tells-central-bankers-not-ignore-bitcoin/716053001/,4171.62,4214.63,4039.29,4163.07,"1,367,050,000","69,219,200,000",-0.2,4.22,5.78
9/27/2017,"Grayscale Investments, LLC Announces Withdrawal of Rule 19b‑4 Application for Bitcoin Investment Trust",99,99,https://www.prnewswire.com/news-releases/grayscale-investments-llc-announces-withdrawal-of-rule-19b4-application-for-bitcoin-investment-trust-300527140.html,3892.94,4210.05,3884.82,4200.67,"1,686,880,000","64,579,200,000",7.9,-0.62,-0.9
9/22/2017,"Governments will close down bitcoin and cryptocurrencies if they get too big, warns Jamie Dimon",99,99,https://www.cnbc.com/2017/09/22/bitcoin-jpmorgans-jamie-dimon-lays-into-bitcoin-again.html,3628.02,3758.27,3553.53,3630.7,"1,194,830,000","60,152,300,000",0.07,4.45,1.44
9/27/2017,"Bitcoin is ‘more than just a fad,’ says Morgan Stanley chief",99,99,https://www.marketwatch.com/story/bitcoin-is-more-than-just-a-fad-says-morgan-stanley-chief-2017-09-27,3892.94,4210.05,3884.82,4200.67,"1,686,880,000","64,579,200,000",7.9,-0.62,-0.9
9/30/2017,"Once a leader in virtual currencies, China turns against them",99,99,https://www.economist.com/news/finance-and-economics/21729795-after-bans-exchanges-and-initial-coin-offerings-bitcoin-miners-fear-they-are,4166.11,4358.43,4160.86,4338.71,"1,207,450,000","69,136,600,000",4.14,1.5,1.63
9/29/2017,RBC's CEO pushes back on suggestion bitcoin is a fraud,99,99,https://www.reuters.com/article/us-rbc-mcckay-reutersnewsmaker/rbcs-ceo-pushes-back-on-suggestion-bitcoin-is-a-fraud-idUSKCN1C33CO,4171.62,4214.63,4039.29,4163.07,"1,367,050,000","69,219,200,000",-0.2,4.22,5.78
9/26/2017,Crypto fund manager: You’ll never see a bigger bubble than bitcoin... buy it anyway,-1,4,https://www.marketwatch.com/story/crypto-fund-manager-youll-never-see-a-bigger-bubble-than-bitcoin-buy-it-anyway-2017-09-26,3928.41,3969.89,3869.9,3892.35,"1,043,740,000","65,161,000,000",-0.92,7.92,7.25
9/27/2017,Wolf of Wall Street Calls Bitcoin a “Fraud”,-1,4,https://cointelegraph.com/news/wolf-of-wall-street-calls-bitcoin-a-fraud,3892.94,4210.05,3884.82,4200.67,"1,686,880,000","64,579,200,000",7.9,-0.62,-0.9
9/26/2017,London gold dealer Sharps Pixley to accept payment in bitcoin,99,99,https://www.reuters.com/article/gold-bitcoin-sharps-pixley/london-gold-dealer-sharps-pixley-to-accept-payment-in-bitcoin-idUSL8N1M64T6,3928.41,3969.89,3869.9,3892.35,"1,043,740,000","65,161,000,000",-0.92,7.92,7.25
9/27/2017,Chinese bitcoin exchange BTCChina stops accepting deposits,-1,3,http://www.atimes.com/article/chinese-bitcoin-exchange-btcchina-stops-accepting-deposits/,3892.94,4210.05,3884.82,4200.67,"1,686,880,000","64,579,200,000",7.9,-0.62,-0.9
9/29/2017,Russia May Ban Bitcoin Payments Entirely: Deputy Finance Minister,-1,1,https://cointelegraph.com/news/russia-may-ban-bitcoin-payments-entirely-deputy-finance-minister,4171.62,4214.63,4039.29,4163.07,"1,367,050,000","69,219,200,000",-0.2,4.22,5.78
9/22/2017,"Strategist predicts bitcoin, digital currency trading volume will 'soon surpass' Apple's",1,4,https://www.cnbc.com/2017/09/22/strategist-predicts-bitcoin-digital-currency-trading-volume-will-soon-surpass-apples.html,3628.02,3758.27,3553.53,3630.7,"1,194,830,000","60,152,300,000",0.07,4.45,1.44
10/2/2017,Goldman Sachs Explores a New World: Trading Bitcoin,1,3,https://www.wsj.com/articles/goldman-sachs-explores-a-new-world-trading-bitcoin-1506959128,4395.81,4470.23,4377.46,4409.32,"1,431,730,000","72,963,200,000",0.31,-2.08,-4.08
10/10/2017,"Putin Condemns Bitcoin, Calls for Russian Ban of Digital Currencies",-1,1,https://cointelegraph.com/news/putin-condemns-bitcoin-calls-for-russian-ban-of-digital-currencies,4776.21,4922.17,4765.1,4781.99,"1,597,140,000","79,351,800,000",0.12,0.93,13.9
10/2/2017,China is turning against cryptocurrencies,99,99,https://www.economist.com/blogs/graphicdetail/2017/10/daily-chart-0,4395.81,4470.23,4377.46,4409.32,"1,431,730,000","72,963,200,000",0.31,-2.08,-4.08
10/3/2017,BlackRock’s Fink says rise of bitcoin shows ‘how much money laundering is being done in the world’,99,99,https://www.marketwatch.com/story/blackrocks-fink-says-rise-of-bitcoin-shows-how-much-money-laundering-is-being-done-in-the-world-2017-10-03,4408.46,4432.47,4258.89,4317.48,"1,288,020,000","73,181,300,000",-2.06,-2.04,0.25
10/10/2017,"Wealthy Remain Curious But Skeptical About Bitcoin, UBS CEO Says",99,99,https://www.bloomberg.com/news/articles/2017-10-10/wealthy-remain-curious-but-skeptical-about-bitcoin-ubs-ceo-says,4776.21,4922.17,4765.1,4781.99,"1,597,140,000","79,351,800,000",0.12,0.93,13.9
10/5/2017,"Mark Cuban Confirms Investment in Bitcoin, Rejects Jamie Dimon",1,4,https://themerkle.com/billionaire-investor-mark-cuban-confirms-investment-in-bitcoin-rejects-jamie-dimon/,4229.88,4362.64,4164.05,4328.41,"1,161,770,000","70,233,700,000",2.33,0.98,2.28
10/4/2017,SegWit2x ‘Maximum Disruption’ Could Be Sending Bitcoin Towards $4000,-1,5,https://cointelegraph.com/news/segwit2x-maximum-disruption-could-be-sending-bitcoin-towards-4000,4319.37,4352.31,4210.42,4229.36,"1,116,770,000","71,712,500,000",-2.08,2.34,3.34
10/13/2017,"Jamie Dimon says if you're 'stupid' enough to buy bitcoin, you'll pay the price one day",-1,4,https://www.cnbc.com/2017/10/13/jamie-dimon-says-people-who-buy-bitcoin-are-stupid.html,5464.16,5840.3,5436.85,5647.21,"3,615,480,000","90,812,400,000",3.35,3.27,0.55
10/16/2017,Putin Orders the Issue of Russia’s National Cryptocurrency – the Cryptoruble,1,1,https://news.bitcoin.com/putin-issue-russias-national-cryptocurrency-cryptoruble/,5687.57,5776.23,5544.21,5725.59,"2,008,070,000","94,559,000,000",0.67,-2.1,-2.36
10/17/2017,CFTC Aligns With SEC: ICO Tokens Can Be Commodities,99,99,https://www.coindesk.com/cftc-no-inconsistency-sec-cryptocurrency-regulation/,5741.58,5800.35,5472.72,5605.51,"1,821,570,000","95,469,300,000",-2.37,-0.26,1.84
10/18/2017,Bitcoin briefly plunges nearly 9% on fears of greater oversight from US regulators,-1,1,https://www.cnbc.com/2017/10/18/bitcoin-plunges-nearly-9-percent-on-fears-of-greater-oversight-from-us-regulators.html,5603.82,5603.82,5151.44,5590.69,"2,399,270,000","93,190,200,000",-0.23,2.11,7.53
10/21/2017,MasterCard Announces Blockchain B2B Payments Despite Rejection of Bitcoin,1,3,https://cointelegraph.com/news/mastercard-announces-blockchain-b2b-payments-despite-rejection-of-bitcoin,5996.79,6194.88,5965.07,6031.6,"2,207,100,000","99,763,200,000",0.58,-0.38,-1.68
10/16/2017,"Julian Assange Says He’s Made a 50,000% Return on Bitcoin",1,4,http://fortune.com/2017/10/16/bitcoin-price-julian-assange-wikileaks/,5687.57,5776.23,5544.21,5725.59,"2,008,070,000","94,559,000,000",0.67,-2.1,-2.36
10/11/2017,Billionaire Mike Novogratz: Bitcoin's Price Will Reach $10k in Less Than a Year,1,4,https://www.coindesk.com/billionaire-mike-novogratz-bitcoins-price-will-reach-10k-in-less-than-a-year/,4789.25,4873.73,4751.63,4826.48,"1,222,280,000","79,578,200,000",0.78,12.85,17
10/16/2017,Bernanke Thinks Bitcoin Will Fail (But He Likes Blockchain),99,99,http://fortune.com/2017/10/16/bitcoin-bernanke/,5687.57,5776.23,5544.21,5725.59,"2,008,070,000","94,559,000,000",0.67,-2.1,-2.36
10/17/2017,"Bitcoin is a 'speculative bubble' and unlikely to become a real currency, UBS says",-1,4,https://www.cnbc.com/2017/10/17/bitcoin-is-speculative-bubble-and-unlikely-to-become-a-currency-ubs.html,5741.58,5800.35,5472.72,5605.51,"1,821,570,000","95,469,300,000",-2.37,-0.26,1.84
10/20/2017,Jeff Sessions Says Dark Web Use with Bitcoin is ‘Big Problem’,99,99,https://cointelegraph.com/news/jeff-sessions-says-dark-web-use-with-bitcoin-is-big-problem,5708.11,6060.11,5627.23,6011.45,"2,354,430,000","94,947,900,000",5.31,0.34,-0.05
10/11/2017,Bitcoin Bursting With Potential Says Billionaire Jeff Epstein,1,4,https://cointelegraph.com/news/bitcoin-bursting-with-potential-says-billionaire-jeff-epstein,4789.25,4873.73,4751.63,4826.48,"1,222,280,000","79,578,200,000",0.78,12.85,17
10/20/2017,"Bitcoin is heading to $10,000, CNBC survey says",1,4,https://www.cnbc.com/2017/10/20/bitcoin-price-is-heading-to-10000-cnbc-survey-says.html,5708.11,6060.11,5627.23,6011.45,"2,354,430,000","94,947,900,000",5.31,0.34,-0.05
10/16/2017,Nobel-winning economist Shiller calls bitcoin a fad,-1,4,https://www.cnbc.com/2017/10/16/nobel-winning-economist-shiller-calls-bitcoin-a-fad.html,5687.57,5776.23,5544.21,5725.59,"2,008,070,000","94,559,000,000",0.67,-2.1,-2.36
10/14/2017,"World Bank President: Everyone Is Excited About Blockchain, Not Bitcoin",99,99,https://cointelegraph.com/news/world-bank-president-everyone-is-excited-about-blockchain-not-bitcoin,5643.53,5837.7,5591.64,5831.79,"1,669,030,000","93,803,000,000",3.34,-2.63,-1.82
10/31/2017,Bitcoin Surges After World's Biggest Exchange Announces Plans for Futures,1,3,https://www.bloomberg.com/news/articles/2017-10-31/cme-group-world-s-biggest-exchange-plans-bitcoin-futures,6132.02,6470.43,6103.33,6468.4,"2,311,380,000","102,130,000,000",5.49,4.62,9.43
10/23/2017,Bitcoin is ‘just going to implode one day’: Saudi Prince Alwaleed,-1,4,https://www.marketwatch.com/story/bitcoin-is-enron-in-the-making-saudi-prince-alwaleed-2017-10-23,6006,6075.59,5732.47,5930.32,"2,401,840,000","99,941,600,000",-1.26,-6.81,-3.03
10/31/2017,Bitcoin Cash Developers Propose Date for November Hard Fork,1,5,https://www.coindesk.com/bitcoin-cash-developers-set-date-november-hard-fork/,6132.02,6470.43,6103.33,6468.4,"2,311,380,000","102,130,000,000",5.49,4.62,9.43
10/29/2017,Chinese Might be Able to Trade Bitcoin Again Soon,1,1,https://cointelegraph.com/news/chinese-might-be-able-to-trade-bitcoin-again-soon,5754.44,6255.71,5724.58,6153.85,"2,859,040,000","95,819,800,000",6.94,-0.38,5.11
10/31/2017,Chinese Bitcoin Exchanges Have Reportedly Found a Loophole in the Ban,1,1,https://www.financemagnates.com/cryptocurrency/exchange/chinese-bitcoin-exchanges-reportedly-found-loophole-ban/,6132.02,6470.43,6103.33,6468.4,"2,311,380,000","102,130,000,000",5.49,4.62,9.43
10/26/2017,"People are 'underestimating' the 'great potential' of bitcoin, billionaire Peter Thiel says",1,4,https://www.cnbc.com/2017/10/26/bitcoin-underestimated-peter-thiel-says.html,5747.95,5976.8,5721.22,5904.83,"1,905,040,000","95,685,100,000",2.73,-2.1,-2.57
10/25/2017,Central Bank of Singapore Sees No Reason to Regulate Cryptocurrencies,1,1,https://news.bitcoin.com/central-bank-of-singapore-no-reason-regulate-cryptocurrencies/,5524.6,5754.33,5397.88,5750.8,"1,966,990,000","91,954,200,000",4.09,2.68,0.52
10/29/2017,"South Korea to Regulate Bitcoin as Commodity, Says Bank of Korea Governor",99,99,https://cointelegraph.com/news/south-korea-to-regulate-bitcoin-as-commodity-says-bank-of-korea-governor,5754.44,6255.71,5724.58,6153.85,"2,859,040,000","95,819,800,000",6.94,-0.38,5.11
10/27/2017,Billionaire Investor Warren Buffett Says Leading Cryptocurrency Bitcoin in ‘Bubble’ Territory,-1,4,https://cointelegraph.com/news/billionaire-investor-warren-buffett-says-leading-cryptocurrency-bitcoin-in-bubble-territory,5899.74,5988.39,5728.82,5780.9,"1,710,130,000","98,225,400,000",-2.01,-0.48,6.45
10/26/2017,'A Real Bubble': Billionaire Warren Buffett Doubles Down on Bitcoin Doubt,-1,4,https://www.coindesk.com/real-bubble-billionaire-warren-buffett-doubles-bitcoin-doubt/,5747.95,5976.8,5721.22,5904.83,"1,905,040,000","95,685,100,000",2.73,-2.1,-2.57
10/23/2017,Money20/20: Wozniak Thinks Bitcoin Is Better Than Gold,1,4,https://bitcoinmagazine.com/articles/money2020-wozniak-thinks-bitcoin-better-gold/,6006,6075.59,5732.47,5930.32,"2,401,840,000","99,941,600,000",-1.26,-6.81,-3.03
11/2/2017,"Bitcoin Is the ‘Very Definition’ of a Bubble, Credit Suisse CEO Says",1,4,https://www.bloomberg.com/news/articles/2017-11-02/bitcoin-is-very-definition-of-a-bubble-credit-suisse-ceo-says,6777.77,7367.33,6758.72,7078.5,"4,653,770,000","112,910,000,000",4.44,1.83,4.26
11/7/2017,"Bitcoin - New Asset Class ‘First in Hundreds of Years’, Max Keiser",1,4,https://cointelegraph.com/news/bitcoin-new-asset-class-first-in-hundreds-of-years-max-keiser,7023.1,7253.32,7023.1,7144.38,"2,326,340,000","117,056,000,000",1.73,4.41,-0.01
11/2/2017,Blankfein Says Don’t Dismiss Bitcoin,1,4,https://www.bloomberg.com/news/articles/2017-11-02/blankfein-says-don-t-dismiss-bitcoin-while-still-pondering-value,6777.77,7367.33,6758.72,7078.5,"4,653,770,000","112,910,000,000",4.44,1.83,4.26
11/9/2017,Mnuchin: We are looking 'very carefully' at bitcoin,-1,1,https://finance.yahoo.com/news/mnuchin-looking-carefully-bitcoin-211340636.html,7446.83,7446.83,7101.52,7143.58,"3,226,250,000","124,146,000,000",-4.07,-7.36,-11
11/6/2017,"Goldman Sachs predicts bitcoin can run past $7,900",1,4,https://www.cnbc.com/2017/11/06/goldman-sachs-predicts-bitcoin-can-run-past-7900.html,7403.22,7445.77,7007.31,7022.76,"3,111,900,000","123,379,000,000",-5.14,1.73,6.22
11/1/2017,Amazon just bought three domain names related to cryptocurrency,1,3,https://www.cnbc.com/2017/11/01/amazon-buys-crypto-domains-bitcoin-ethereum.html,6440.97,6767.31,6377.88,6767.31,"2,870,320,000","107,287,000,000",5.07,4.6,6.51
11/7/2017,"No bitcoins for payments and settlements, says the Reserve Bank of India — Quartz",-1,1,https://qz.com/1121363/no-bitcoins-for-payments-and-settlements-says-the-reserve-bank-of-india/,7023.1,7253.32,7023.1,7144.38,"2,326,340,000","117,056,000,000",1.73,4.41,-0.01
11/9/2017,"'Maybe bitcoin is a kind of a bubble,' Goldman Sachs CEO Blankfein says",-1,4,https://www.cnbc.com/2017/11/09/maybe-bitcoin-is-a-kind-of-bubble-goldman-sachs-ceo-blankfein-says.html,7446.83,7446.83,7101.52,7143.58,"3,226,250,000","124,146,000,000",-4.07,-7.36,-11
11/4/2017,"Bitcoin Bulls Get More Bullish, Ronnie Moas Revises Bitcoin Price Prediction",1,4,https://cointelegraph.com/news/bitcoin-bulls-get-more-bullish-ronnie-moas-revises-bitcoin-price-prediction,7164.48,7492.86,7031.28,7379.95,"2,483,800,000","119,376,000,000",3.01,0.37,-4.84
11/8/2017,"Bitcoin, Beware: Citigroup’s CEO Predicts State-Sponsored Digital Currencies",99,99,https://www.bloomberg.com/news/articles/2017-11-08/corbat-sees-governments-issuing-digital-currencies-after-bitcoin,7141.38,7776.42,7114.02,7459.69,"4,602,200,000","119,041,000,000",4.46,-4.24,-11.28
11/12/2017,Bitcoin briefly drops 15% amid debate over digital currency's future,-1,5,https://www.cnbc.com/2017/11/12/bitcoin-briefly-drops-15-percent-amid-debate-over-digital-currencys-future.html,6295.45,6625.05,5519.01,5950.07,"8,957,350,000","104,980,000,000",-5.49,10.24,11.52
11/15/2017,Zimbabwe Doesn’t Have Its Own Currency and Bitcoin Is Surging,99,99,https://www.bloomberg.com/news/articles/2017-11-15/bitcoin-surges-in-zimbabwe-after-military-moves-to-seize-power,6634.76,7342.25,6634.76,7315.54,"4,200,880,000","110,667,000,000",10.26,7.6,5.38
11/14/2017,Billionaire Investor Novogratz: Institutional Investors Will Soon Adopt Bitcoin,1,4,https://cointelegraph.com/news/billionaire-investor-novogratz-institutional-investors-will-soon-adopt-bitcoin,6561.48,6764.98,6461.75,6635.75,"3,197,110,000","109,434,000,000",1.13,10.24,18.63
11/15/2017,Morgan Stanley chief says bitcoin 'doesn't quite deserve the attention it's getting',99,99,https://www.cnbc.com/2017/11/15/morgan-stanley-chairman-james-gorman-cryptocurrencies.html,6634.76,7342.25,6634.76,7315.54,"4,200,880,000","110,667,000,000",10.26,7.6,5.38
11/16/2017,Swiss bank to launch bitcoin futures to allow betting against cryptocurrency,1,3,https://www.reuters.com/article/us-vontobel-bitcoin/swiss-bank-to-launch-bitcoin-futures-to-allow-betting-against-cryptocurrency-idUSKBN1DG2CX,7323.24,7967.38,7176.58,7871.69,"5,123,810,000","122,164,000,000",7.49,-2.07,-1.04
11/14/2017,One of Asia's largest banks says bitcoin is 'a Ponzi scheme',-1,4,https://www.cnbc.com/2017/11/14/dbs-groups-david-gledhill-bitcoin-is-a-ponzi-scheme.html,6561.48,6764.98,6461.75,6635.75,"3,197,110,000","109,434,000,000",1.13,10.24,18.63
11/17/2017,Bill Gurley: Bitcoin is an 'incredible store of value' in much of the world,1,4,https://www.cnbc.com/2017/11/17/bill-gurley-bitcoin-is-incredible-store-of-value.html,7853.57,8004.59,7561.09,7708.99,"4,651,670,000","131,026,000,000",-1.84,1.05,4.25
11/19/2017,Hong Kong Banks Turn Backs on Bitcoin,99,99,https://www.financemagnates.com/cryptocurrency/news/hong-kong-banks-turn-backs-bitcoin/,7766.03,8101.91,7694.1,8036.49,"3,149,320,000","129,595,000,000",3.48,2.04,0.43
11/29/2017,This bitcoin boom will end in tears – take it from someone with a long career in economics,-1,4,https://www.independent.co.uk/voices/bitcoin-boom-economics-cryptocurrency-value-exchange-rate-investment-trading-a8082936.html,10077.4,11517.4,9601.03,9888.61,"11,568,800,000","168,367,000,000",-1.87,3.49,10.99
11/29/2017,NASDAQ plans to let investors bet on Bitcoin’s rise and fall,1,3,https://www.theverge.com/2017/11/29/16715296/nasdaq-bitcoin-futures-long-short,10077.4,11517.4,9601.03,9888.61,"11,568,800,000","168,367,000,000",-1.87,3.49,10.99
11/27/2017,"Bitcoin could 'easily' reach $40,000 by the end of 2018, hedge fund legend Novogratz says",1,4,https://www.cnbc.com/2017/11/27/bitcoin-could-easily-reach-40000-by-the-end-of-2018-novogratz.html,9352.72,9818.35,9352.72,9818.35,"5,653,320,000","156,221,000,000",4.98,2.45,0.72
11/29/2017,"Bitcoin 'Ought to Be Outlawed,' Economist Joseph Stiglitz Says",-1,4,https://www.coindesk.com/bitcoin-outlawed-economist-joseph-stiglitz-says/,10077.4,11517.4,9601.03,9888.61,"11,568,800,000","168,367,000,000",-1.87,3.49,10.99
11/22/2017,Finnish regulator warns investors about dangers of Bitcoin,-1,4,https://yle.fi/uutiset/osasto/news/finnish_regulator_warns_investors_about_dangers_of_bitcoin/9942859,8077.95,8302.26,8075.47,8253.55,"3,633,530,000","134,851,000,000",2.17,-2.6,0
11/30/2017,"Bitcoin is a vehicle for fraudsters, warns Goldman Sachs boss",-1,4,https://www.theguardian.com/business/2017/nov/30/bitcoin-is-a-vehicle-for-fraudsters-warns-goldman-sachs-boss,9906.79,10801,9202.05,10233.6,"8,310,690,000","165,537,000,000",3.3,7.25,8.22
11/28/2017,"World's largest bitcoin exchange, bitFlyer, enters the US",1,3,https://www.cnbc.com/2017/11/28/worlds-largest-bitcoin-exchange-bitflyer-enters-the-us.html,9823.43,10125.7,9736.3,10058.8,"6,348,820,000","164,104,000,000",2.4,-1.69,1.74
11/27/2017,Mining Bitcoin Costs More Energy Than What 159 Countries Consume in a Year,99,99,https://futurism.com/mining-bitcoin-costs-more-energy-159-countries-consume-year/,9352.72,9818.35,9352.72,9818.35,"5,653,320,000","156,221,000,000",4.98,2.45,0.72
11/29/2017,Goldman Says the Bitcoin Haters Just Don’t Get It,99,99,https://www.bloomberg.com/news/articles/2017-11-29/goldman-s-currie-says-bitcoin-is-a-commodity-much-like-gold,10077.4,11517.4,9601.03,9888.61,"11,568,800,000","168,367,000,000",-1.87,3.49,10.99
11/26/2017,"Dimon wrong on bitcoin, says UAE sovereign fund chief",1,4,https://www.cnbc.com/2017/11/26/dimon-wrong-on-bitcoin-says-uae-sovereign-fund-chief.html,8789.04,9522.93,8775.59,9330.55,"5,475,580,000","146,789,000,000",6.16,5.23,7.81
11/29/2017,"Bitcoin Not Big Enough to Threaten World Economy, BoE Deputy Says",99,99,https://www.usnews.com/news/top-news/articles/2017-11-29/bitcoin-not-big-enough-to-threaten-world-economy-boe-deputy-says,10077.4,11517.4,9601.03,9888.61,"11,568,800,000","168,367,000,000",-1.87,3.49,10.99
12/7/2017,Bitcoin Worth Millions Stolen Days Before US Exchange Opens,99,99,https://www.usnews.com/news/business/articles/2017-12-07/bitcoin-miner-nicehash-reports-hack-theft-of-its-wallet,14266.1,17899.7,14057.3,17899.7,"17,950,700,000","238,600,000,000",25.47,-7.43,-15.2
12/1/2017,US regulator approves Bitcoin trading,1,1,http://www.bbc.com/news/business-42199260,10198.6,11046.7,9694.65,10975.6,"6,783,120,000","170,436,000,000",7.62,0.9,3.17
12/4/2017,Bitcoin: UK and EU plan crackdown amid crime and tax evasion fears,99,99,https://www.theguardian.com/technology/2017/dec/04/bitcoin-uk-eu-plan-cryptocurrency-price-traders-anonymity,11315.4,11657.2,11081.8,11657.2,"6,132,410,000","189,172,000,000",3.02,2.23,22.6
12/4/2017,CBOE Launches Bitcoin Futures Trading Dec. 10,1,3,https://www.forbes.com/sites/jessedamiani/2017/12/04/cboe-launches-bitcoin-futures-trading-dec-10/#23b178da4d28,11315.4,11657.2,11081.8,11657.2,"6,132,410,000","189,172,000,000",3.02,2.23,22.6
12/6/2017,"After China, India’s central bank warns: Beware of bitcoin",99,99,https://qz.com/1148052/beware-of-bitcoin-the-reserve-bank-of-india-warns-again/,11923.4,14369.1,11923.4,14291.5,"12,656,300,000","199,390,000,000",19.86,25.25,15.94
12/4/2017,The Winklevoss twins are now Bitcoin billionaires,1,4,https://www.theverge.com/2017/12/4/16732952/winklevoss-twins-bitcoin-billionaires-surge,11315.4,11657.2,11081.8,11657.2,"6,132,410,000","189,172,000,000",3.02,2.23,22.6
12/6/2017,Bitcoin: Steam Gaming Network Is Waving Goodbye,99,99,http://fortune.com/2017/12/06/bitcoin-steam-gaming/,11923.4,14369.1,11923.4,14291.5,"12,656,300,000","199,390,000,000",19.86,25.25,15.94
12/1/2017,"Bitcoin Too Volatile for Goldman Sachs, Says CEO",99,99,https://www.coindesk.com/bitcoin-too-volatile-for-goldman-sachs-says-ceo/,10198.6,11046.7,9694.65,10975.6,"6,783,120,000","170,436,000,000",7.62,0.9,3.17
12/8/2017,Cramer: Bets against bitcoin will 'annihilate' the digital currency once futures begin trading,-1,4,https://www.cnbc.com/2017/12/08/cramer-bets-against-bitcoin-will-crush-it-once-futures-begin-trading.html,17802.9,18353.4,14336.9,16569.4,"21,136,000,000","297,787,000,000",-6.93,-8.4,-6.72
12/9/2017,"Bitcoin ‘Looks Remarkably Like A Bubble,’ New Zealand's Central Banker Warns",-1,4,https://www.bloomberg.com/news/articles/2017-12-09/bitcoin-looks-like-bubble-new-zealand-s-central-banker-warns,16523.3,16783,13674.9,15178.2,"13,911,300,000","276,415,000,000",-8.14,1.83,11.59
12/19/2017,SEC suspends trading of red-hot bitcoin stock,-1,1,http://money.cnn.com/2017/12/19/investing/bitcoin-crytpocurrencies-sec-bubble/index.html,19118.3,19177.8,17275.4,17776.7,"16,894,500,000","320,242,000,000",-7.02,-6.48,-11.1
12/12/2017,Bitcoin More Likely to Attract Criminals: RBA Governor,99,99,http://fortune.com/2017/12/12/bitcoin-philip-lowe/,16919.8,17781.8,16571.6,17415.4,"14,603,800,000","283,155,000,000",2.93,-5.78,-4.89
12/15/2017,"Bitcoin buyers should be prepared to lose all their money, top UK regulator warns",99,99,https://www.cnbc.com/2017/12/15/bitcoin-buyers-should-be-prepared-to-lose-all-their-money-top-uk-regulator-warns.html,16601.3,18154.1,16601.3,17706.9,"14,310,000,000","277,936,000,000",6.66,10.11,8.1
12/18/2017,The Swedish co-founder of Bitcoin.com has sold all his bitcoins,99,99,https://nordic.businessinsider.com/the-swedish-founder-of-bitcoin.com-one-of-the-largest-sites-in-the-industry-has-sold-all-his-bitcoins-because-its-as-good-as-useless--/,19106.4,19371,18355.9,19114.2,"14,839,500,000","320,000,000,000",0.04,-7,-13.02
12/11/2017,Cameron Winklevoss Says Bitcoin Will Go 20 Times Higher,1,4,http://time.com/money/5058367/cameron-winklevoss-says-bitcoin-will-go-20-times-higher/,15427.4,17513.9,15404.8,16936.8,"12,153,900,000","258,147,000,000",9.78,2.83,-3.12
12/15/2017,Another Major Agency Wants to Regulate Bitcoin Because it's Growing So Fast,99,99,http://fortune.com/2017/12/15/bitcoin-police-regulation/,16601.3,18154.1,16601.3,17706.9,"14,310,000,000","277,936,000,000",6.66,10.11,8.1
12/28/2017,South Korea Clamps Down on Bitcoin Trading Amid Market Frenzy,-1,1,https://www.nytimes.com/2017/12/28/business/south-korea-bitcoin.html,15864.1,15888.4,13937.3,14606.5,"12,336,500,000","265,988,000,000",-7.93,0.34,-11.33
12/29/2017,"Trade in bitcoins at your own risk, finance ministry warns users",-1,4,https://economictimes.indiatimes.com/news/economy/policy/trade-in-bitcoins-at-your-own-risk-finance-ministry-warns-users/articleshow/62291055.cms,14695.8,15279,14307,14656.2,"13,025,500,000","246,428,000,000",-0.27,-11.63,-3.41
12/27/2017,Israeli Finance Watchdog Seeks to Ban Public Firms from Bitcoin Trading,-1,1,https://www.coindesk.com/israeli-finance-watchdog-seeks-ban-public-firms-bitcoin-trading/,16163.5,16930.9,15114.3,15838.5,"12,487,600,000","270,976,000,000",-2.01,-7.78,-7.46
12/22/2017,Hackers take advantage of bitcoin's wild ride,-1,2,http://money.cnn.com/2017/12/22/technology/bitcoin-hackers/index.html,15898,15943.4,11833,13831.8,"22,198,000,000","266,381,000,000",-13,6.27,0.68
12/22/2017,"Bitcoin bull Novogratz thinks it could plunge to $8,000",-1,4,https://qz.com/1164278/bitcoin-plunge-former-goldman-sach-trader-novogratz-warns-the-cryptocurrency-has-much-farther-to-fall/,15898,15943.4,11833,13831.8,"22,198,000,000","266,381,000,000",-13,6.27,0.68
12/25/2017,"The real value of Bitcoin might be $0, Morgan Stanley says",-1,4,http://bgr.com/2017/12/25/bitcoin-price-value-analysis-morgan-stanley/,13995.9,14593,13448.9,14026.6,"10,664,700,000","234,590,000,000",0.22,14.78,12.92
12/27/2017,Russia Unveils Proposed Regulation Putting Limits on ICOs and Investors,-1,1,https://news.bitcoin.com/russia-proposed-regulation-limits-icos-investors/,16163.5,16930.9,15114.3,15838.5,"12,487,600,000","270,976,000,000",-2.01,-7.78,-7.46
12/27/2017,"Bitcoin 'doesn't pass the smell test,' says Massachusetts securities regulator",-1,4,https://www.cnbc.com/2017/12/27/bitcoin-doesnt-pass-the-smell-test-says-massachusetts-securities-regulator.html,16163.5,16930.9,15114.3,15838.5,"12,487,600,000","270,976,000,000",-2.01,-7.78,-7.46
12/30/2017,A Major Cryptocurrency Platform Has Liquidated Its Customers' Bitcoin Cash for Bitcoin,99,99,http://fortune.com/2017/12/30/bitmex-liquidates-bitcoin-cash-for-bitcoin/,14681.9,14681.9,12350.1,12952.2,"14,452,600,000","246,224,000,000",-11.78,9.3,5.44
12/22/2017,Opera just added a Bitcoin-mining blocker to its browser,99,99,https://www.zdnet.com/article/opera-just-added-a-bitcoin-mining-blocker-to-its-browser/,15898,15943.4,11833,13831.8,"22,198,000,000","266,381,000,000",-13,6.27,0.68
12/26/2017,Former FDIC Chair: Why we shouldn't ban bitcoin,1,4,https://finance.yahoo.com/news/former-fdic-chair-sheila-bair-shouldnt-ban-bitcoin-141019569.html,14036.6,16461.2,14028.9,16099.8,"13,454,300,000","235,294,000,000",14.7,-1.62,-9.28
12/22/2017,Bitcoin slump sees trades suspended on certain exchanges,-1,3,http://www.bbc.com/news/business-42457983,15898,15943.4,11833,13831.8,"22,198,000,000","266,381,000,000",-13,6.27,0.68
